sanskrit,english,q_en_1,q_en_2,q_en_3,q_en_4,a_en_1,a_en_2,a_en_3,a_en_4,q_hi_1,q_hi_2,q_hi_3,q_hi_4,a_hi_1,a_hi_2,a_hi_3,a_hi_4,q_sa_1,q_sa_2,q_sa_3,q_sa_4,a_sa_1,a_sa_2,a_sa_3,a_sa_4,tags
अथातो दीर्घञ्जीवितीयमध्यायं व्याख्यास्यामः ||१||,Now (I) shall expound the chapter on longevity. [1],Who declares the intention to expound a chapter on longevity?,What is the main topic of the chapter that will be expounded?,How is the upcoming discussion described by the speaker?,Which aspect of human life is the focus of the forthcoming exposition?,"The speaker, referring to themselves, declares that they will expound the chapter on longevity.",The main topic is longevity.,It is described as an expounding of the chapter on longevity.,The focus is on extending or understanding long life (longevity).,कौन यह घोषणा करता है कि वह दीर्घायु के अध्याय की व्याख्या करेगा?,दीर्घायु के अध्याय में मुख्य रूप से किस विषय पर बात की जाएगी?,वक्ता आगामी चर्चा को कैसे व्यक्त करता है?,इस आगामी व्याख्यान का केंद्र कौन सा पहलू है?,"वक्ता, अपने आप को संदर्भित करते हुए, यह घोषणा करता है कि वह दीर्घायु के अध्याय की व्याख्या करेगा।",मुख्य विषय दीर्घायु अर्थात लंबी आयु है।,वह इसे दीर्घायु के अध्याय की व्याख्या के रूप में प्रस्तुत करता है।,"यह केंद्र दीर्घायु, अर्थात् दीर्घ जीवन पर है।",कोऽस्मिन्काले दीर्घायुशाखायाः व्याख्यानं कर्तुं इत्युच्यते?,दीर्घायुशाखायाः मुख्यविषयः कः?,आगामिनि व्याख्यायां वक्ता कथं वर्णयति?,अस्य व्याख्यानस्य केन्द्रम् कतम् अभिप्रेतम्?,"स्वयम् इति सूच्यते, यः इदानीं दीर्घायुशाखायाः व्याख्यानं करिष्यति।","मुख्यविषयः दीर्घायु, अर्थात् दीर्घजीवनम्।",सः इदं दीर्घायुशाखायाः व्याख्यानं इति कथयति।,"केन्द्रम् दीर्घायु, दीर्घजीवनस्य विवेचनम्।",
इति ह स्माह भगवानात्रेयः ||२||,As propounded by Lord Atreya. [2],Who is identified as the originator of the teaching?,What verb describes Lord Atreya's action regarding the teaching?,How is the authority of the teaching established in the statement?,What does the phrase imply about the relationship between the content and Lord Atreya?,Lord Atreya is identified as the originator of the teaching.,"He is said to have ""propounded"" it, meaning he presented or declared it.",The authority is established by attributing the teaching to Lord Atreya.,It implies that the content is directly linked to and comes from Lord Atreya.,इस शिक्षण के मूलकर्ता के रूप में कौन बताया गया है?,भगवानात्रेय की इस शिक्षण के संबंध में किस क्रिया का प्रयोग किया गया है?,इस कथन में शिक्षण की प्रामाणिकता कैसे स्थापित की गई है?,यह वाक्यांश शिक्षण और भगवानात्रेय के बीच किस प्रकार का संबंध दर्शाता है?,भगवानात्रेय को मूलकर्ता बताया गया है।,"उनके द्वारा इसे ""प्रसारित"" किया गया है, अर्थात् उन्होंने इसे प्रस्तुत किया।",इसे भगवानात्रेय के नाम से जोड़कर प्रामाणिकता स्थापित की गई है।,यह दर्शाता है कि वह शिक्षण सीधे भगवानात्रेय से आया है।,एतस्य शिक्षायाः मूलकर्ता कः निर्दिष्टः?,भगवानात्रेयः कस्य क्रिया द्वारा शिक्षां प्रस्तुतवान्?,शिक्षायाः अधिकारम् कथम् अभिव्यक्तम्?,एषः वाक्यांशः शिक्षां च भगवानात्रेयं च केन प्रकारेण सम्बद्धयति?,भगवानात्रेयः मूलकर्ता इति निर्दिष्टः।,"सः तां ""प्रसारित"" इति शब्देन प्रस्तुतवान्।",तस्य अधिकारः भगवानात्रेयस्य नाम्ना अभिव्यक्तः।,एतत् दर्शयति यत् शिक्षां प्रत्यक्षं भगवानात्रेयस्योत्पन्नम्।,
दीर्घञ्जीवितमन्विच्छन्भरद्वाज उपागमत्‌ । इन्द्रमुग्रतपा बुद्ध्वा शरण्यममरेश्चरम्‌ ।।३।।,"Bhardwaja, a great ascetic, went to Indra, the god of gods and the saviour in quest of longevity. [3]",Who is Bhardwaja described as in the context of seeking longevity?,What was Bhardwaja's purpose in approaching Indra?,How is Indra characterized in relation to Bhardwaja's quest?,What specific boon does Bhardwaja request from Indra?,Bhardwaja is a great ascetic who seeks longevity.,He approached Indra to request the grant of a long life.,Indra is portrayed as the supreme deity and saviour whom Bhardwaja turns to for help.,"He asks Indra for longevity, i.e., a long life.",भर्द्वज कौन हैं और वह किस गुण के लिये जाने जाते हैं?,भर्द्वज ने इन्द्र के पास क्या माँग की?,इन्द्र को किस प्रकार के देवता के रूप में वर्णित किया गया है?,भर्द्वज ने इन्द्र के पास जाने का कारण क्या था?,भर्द्वज एक महान संन्यासी हैं जो दीर्घायु की इच्छा रखते हैं।,उन्होंने इन्द्र से दीर्घायु प्राप्त करने की इच्छा व्यक्त की।,इन्द्र को देवताओं के प्रमुख और रक्षक के रूप में दर्शाया गया है।,उनका मुख्य कारण दीर्घायु प्राप्त करने की खोज थी।,भर्द्वजः कः वर्णितः दीर्घायुष्याय खोजे?,भर्द्वजः इन्द्रं किमर्थं समागमति?,इन्द्रस्य कः गुणः उल्लेखितः अस्ति?,भर्द्वजस्य इन्द्रं प्रति मुख्य अभिलाषा किम्?,भर्द्वजः महान् वैराग्यवन्तः संन्यासी अस्ति।,सः दीर्घायुष्यम् प्राप्तुं इन्द्रस्य कृपां याचति।,इन्द्रः देवतासु मुख्यः तथा रक्षकः इति परिगणितः।,भर्द्वजस्य मुख्य अभिलाषा दीर्घायुष्यम् (दीर्घायु) अस्ति।,
ब्राह्मणा हि यथाप्रोक्तमायुर्वेदं प्रजापतिः । जग्राह निखिलेनादावश्चिनौ तु पुनस्ततः ।।४।। अश्चिभ्यां भगवाञ्छक्रः प्रतिपेदे ह केवलम्‌ । ऋषिप्रोक्तो भरद्राजस्तस्माच्छक्रमुपागमत्‌ ।। ५।।,"At first, Prajapati received Ayurveda in its entirety as propounded by Brahma, therefrom ASwins (received), from ASswins lord Indra received it fully, that is why Bharadwaja, as requested by the sages, Went to Indra. [4-5]",Who initially received the complete knowledge of Ayurveda as taught by Brahma?,Which divine physicians received Ayurveda from Prajapati?,Who obtained the full Ayurveda after the Aswins?,Which sage went to Indra after the sages requested it?,Prajapati received the complete knowledge of Ayurveda as taught by Brahma.,The Aswins received Ayurveda from Prajapati.,Lord Indra obtained the full Ayurveda after the Aswins.,Bharadwaja went to Indra after the sages requested it.,आयुर्वेद को ब्रह्मा द्वारा स्थापित रूप में पहले किसने प्राप्त किया?,प्रजापति से आयुर्वेद किसने प्राप्त किया?,अस्विनों से आयुर्वेद पूर्ण रूप में किसके पास पहुँचा?,ऋषियों के अनुरोध पर कौन इन्द्र के पास गया?,पृथ्वी पर प्रथम बार आयुर्वेद को ब्रह्मा द्वारा स्थापित रूप में प्रजापति ने प्राप्त किया।,अस्विनों ने प्रजापति से आयुर्वेद प्राप्त किया।,अस्विनों से आयुर्वेद पूर्ण रूप में इन्द्र के पास पहुँचा।,ऋषियों के अनुरोध पर भरद्रज ने इन्द्र के पास गया।,आयुर्वेदं सम्पूर्णम् प्रथमम् कः प्राप्तवान्?,प्रजापतः कः आयुर्वेदं ग्रहीत्?,अस्विनयोः परं आयुर्वेदं कस्य प्राप्तम्?,ऋषिणां विनतीनुसारं कः इन्द्रं अतीतः?,प्रजापतिः आयुर्वेदं सम्पूर्णम् प्रथमम् प्राप्तवान्।,अस्विनौ प्रजापतः आयुर्वेदं ग्रहीत्।,इन्द्रस्य आयुर्वेदं अस्विनयोः परम् प्राप्तम्।,भरद्राजः ऋषिणां विनतीनुसारं इन्द्रं अतीतः।,
विघ्नभूता यदा रोगाः प्रादुर्भूताः शरीरिणाम्‌ । तपोपवासाध्ययनब्रह्मचर्यब्रतायुषाम्‌ ।। ६।। तदा भूतेष्वनुक्रोशं पुरस्कृत्य महर्षयः । समेताः पुण्यकर्मणः पारे हिमवतः शुभे ।।७।।,"When diseases cropped up creating inpediments in penance, abstinence, study, celibacy, religious observances and life-sSU of living beings, the holy great sages, out of sympathy on creatures, assembled on one of the auspicious sides of the Himalayas. [6-7]",What actions of the sages were prompted by the emergence of diseases that hindered penance and related disciplines?,Which location did the sages choose for their gathering when they responded to the widespread ailments?,Which aspects of spiritual practice were disrupted by the diseases?,What feeling motivated the great sages to come together in response to the suffering caused by disease?,The sages assembled together out of sympathy for all beings.,They convened on an auspicious side of the Himalayas.,"The diseases interfered with penance, abstinence, study, celibacy, religious observances, and the life of living beings.",Their compassion for all creatures drove them to unite.,रोगों के कारण तपस्या और अन्य आध्यात्मिक अभ्यासों में बाधा आने पर महर्षियों ने क्या किया?,महर्षियों ने इस समय कहाँ मिलना चुना?,किन-किन आध्यात्मिक कार्यों में रोगों ने बाधा डाली?,इस सभा में महर्षियों को क्या प्रेरित किया?,उन्होंने सभी जीवों के प्रति करुणा भाव से मिलन किया।,उन्होंने हिमालय के शुभ पक्ष में सभा की।,"रोगों ने तप, उपवास, अध्ययन, ब्रह्मचर्य, धार्मिक अनुष्ठानों और जीवों के जीवन को प्रभावित किया।",सभी जीवों के प्रति उनके सहानुभूति ने उन्हें एकत्रित किया।,रोगैः व्यवधानेन यदा तपः इत्यादीनि क्रियाः बाधिताः तदा महर्षिणः किम् अकरोत्?,तत्र महर्षिणां समागमस्थानम् कतम् आसीत्?,रोगैः कस्याः कस्याः आध्यात्मिक कार्याणि बाधितानि अभवन्?,महर्षिणां समागमनस्य कारणम् किम् आसीत्?,तैः सर्वजनानां प्रति करुणया मिलनं कृतम्।,सः हिमालयस्य शुभपार्श्वे स्थितः।,"तपः, उपवासः, अध्ययनम्, ब्रह्मचर्यं, धार्मिकानुष्ठानानि, जीवजनानां च जीवनम्।",सर्वजैवानां प्रति सहानुभूति:।,
"अङ्गिरा जमदग्निश्च वसिष्ठः कश्यपो भृगुः |
आत्रेयो गौतमः साङ्ख्यः पुलस्त्यो नारदोऽसितः||८||
अगस्त्यो वामदेवश्च मार्कण्डेयाश्वलायनौ |
पारिक्षिर्भिक्षुरात्रेयो भरद्वाजः कपिञ्ज(ष्ठ)लः ||९||
विश्वामित्राश्मरथ्यौ च भार्गवश्च्यवनोऽभिजित् |
गार्ग्यः शाण्डिल्यकौण्डिल्यौ(न्यौ)वार्क्षिर्देवलगालवौ ||१०||
साङ्कृत्यो बैजवापिश्च कुशिको बादरायणः |
बडिशः शरलोमा च काप्यकात्यायनावुभौ ||११||
काङ्कायनः कैकशेयो धौम्यो मारीचकाश्यपौ |
शर्कराक्षो हिरण्याक्षो लोकाक्षः पैङ्गिरेव च ||१२||
शौनकः शाकुनेयश्च मैत्रेयो मैमतायनिः |
वैखानसा वालखिल्यास्तथा चान्ये महर्षयः ||१३||
ब्रह्मज्ञानस्य निधयो द(य)मस्य नियमस्य च |
तपसस्तेजसा दीप्ता हूयमाना इवाग्नयः ||१४||
सुखोपविष्टास्ते तत्र पुण्यां चक्रुः कथामिमाम् |१५|","Among them were Aṅgirā, Jamadagni, Vasiṣṭha, Kaśyapa, Bhṛgu, Ātreya, Gautama, Sāṅkhya, Pulastya, Nārada, Asita, Agastya, Vāmadeva, Mārkaṇḍeya, Aśvalāyana, Pārīkṣi, Bhikṣu Ātreya, Bharadvāja, Kapiñjala, Viśvāmitra, Aśmarathya, Bhārgava, Cyavana, Abhijit, Gārgya, Śāṇḍilya, Kauṇḍinya (Iya), Vārkṣi, Devala, Gālava, Sāṅkṛtya, Baijavāpi, Kuśika, Bādarāyaṇa, Baḍiśa, Śaraloma, Kāśyapa, Kātyāyana, Kāṅkāyana, Kaikaśeya, Dhaumya, Mārīca, Kāśyapa, Śarkarākṣa, Hiraṇyākṣa, Lokākṣa, Paiṅgi, Śaunaka, Śākuneya, Maitreya, Maimatāyani along with the sages of the Vaikhānasa and Vālakhilya orders and other great sages. They all, sources of spiritual knowledge, (self-control) and restraint of mind, illumined with brilliance of penance like fire having oblations took their seats comfortably and held auspicious deliberations. [8–14]",Name three sages listed among the gathered great sages.,What qualities are attributed to the assembled sages?,How did the sages conduct their meeting?,"Which orders of sages, besides the individual names, are mentioned as part of the gathering?","Aṅgirā, Jamadagni, and Vasiṣṭha are among the listed sages.","They are described as sources of spiritual knowledge, practicing self‑control and mental restraint, and illuminated by the brilliance of penance like fire.","They took comfortable seats, offered oblations, and engaged in auspicious deliberations.",The sages of the Vaikhānasa and Vālakhilya orders are also included.,उल्लेखित महान ऋषियों में से तीन का नाम बताइए।,एकत्रित ऋषियों को किन गुणों से वर्णित किया गया है?,ऋषियों ने अपनी सभा कैसे आयोजित की?,व्यक्तिगत नामों के अलावा कौन‑से ऋषि समूहों का उल्लेख है?,"अङ्गिरा, जमदग्नि और वसिष्ठ इनमें शामिल हैं।","उन्हें आध्यात्मिक ज्ञान के स्रोत, आत्म‑नियंत्रण और मन की संयमितता वाले तथा तपस्या की ज्योति से प्रकाशित कहा गया है।",उन्होंने आराम से बैठकर दान‑भोज किए और शुभ चर्चा में लिप्त हुए।,वैखानसा और वालखिल्य क्रम के ऋषि भी इस सभा में सम्मिलित हैं।,उल्लेखित महर्षिणां मध्ये त्रीणि नामानि किम्?,एतेषां महर्षिणां किम् गुणाः वर्णिताः?,एते महर्षयः सभा कथं कुर्वन्ति?,व्यक्तिगत नामानां परे कस्याः समूहस्य उल्लेखः अस्ति?,"अङ्गिरा, जमदग्निः, वसिष्ठः च एतेषु सन्ति।","ते आध्यात्मिकज्ञानस्य स्रोतः, आत्मनियन्त्रणं मनःसंयमं च ध्रियन्ते, तपस्यायाः ज्योतिरेण दीपिताः।","सौकर्येन उपविष्टाः, दानानि कुर्वन्ति, शुभसंवादं कर्तुं प्रवृत्ताः।",वैखानसस्य वाञ्छाल्यस्य च महर्षिणां समूहः उक्तः।,
"धर्मार्थकाममोक्षाणामारोग्यं मूलमुत्तमम् ||१५||
रोगास्तस्यापहर्तारः श्रेयसो जीवितस्य च |
प्रादुर्भूतो मनुष्याणामन्तरायो महानयम् ||१६||
कः स्यात्तेषां शमोपाय इत्युक्त्वा ध्यानमास्थिताः|
अथ ते शरणं शक्रं ददृशुर्ध्यानचक्षुषा ||१७||
स वक्ष्यति शमोपायं यथावदमरप्रभुः ||१८||","Disease-free condition is the best source of virtue, wealth, gratification and emancipation while diseases are destroyers of this (source), welfare and life itself. Now this has appeared as a great obstacle for human beings and what could be the means for their amelioration. Saying this they concentrated on this. Then with their concen vision they saw Indra as saviour. That god of gods is only able to tell the correct means of amelioration (of diseases). [15-17]","What condition is described as the highest source of dharma, wealth, pleasure, and liberation?",In what way do diseases impact the source of welfare and life?,What major hindrance has arisen for humans according to the teaching?,Which deity is said to be able to disclose the proper means of curing diseases?,"A state free from disease is regarded as the supreme foundation for virtue, wealth, desire, and emancipation.",Diseases destroy the source that sustains welfare and life.,Disease has become a great obstacle for humanity.,"Indra, the king of the gods, is identified as the one who can reveal the correct method to alleviate diseases.","कौन सी अवस्था को धर्म, अर्थ, काम और मोक्ष की सर्वोच्च मूल माना गया है?",रोग किस प्रकार से कल्याण और जीवन के स्रोत को नष्ट करते हैं?,मानव जाति के लिए कौन सी बड़ी बाधा उत्पन्न हुई है?,कौन से देवता को रोगों के शमन के सही उपाय बताने वाला कहा गया है?,"रोग‑मुक्त अवस्था को धर्म, अर्थ, काम और मोक्ष की सर्वोच्च मूल माना गया है।","रोग इन स्रोतों को नष्ट कर देते हैं, जिससे कल्याण और जीवन का आधार समाप्त हो जाता है।",रोग एक बड़ा अड़चन बन गया है।,"इन्द्र, देवताओं के राजा को रोग शमन के शमोपाय का सही मार्ग बताने वाला माना गया है।",कस्य स्थितिः धर्मार्थकाममोक्षाणां सर्वोत्तमम् मूलम् इति कथ्यते?,रोगाः स्रोतस्य कल्याणस्य जीवितस्य विनाशं कथम् कुर्वन्ति?,मनुष्यानां कृते कः महत्त्वपूर्णः अतिक्रमः उत्पन्नः?,कोऽयं इन्द्रः रोगशमनस्य शमोपायम् विज्ञापयितुं शक्ष्यते इति कथ्यते?,रोगमुक्तिः धर्मार्थकाममोक्षाणां सर्वोत्तमम् मूलम् इति कथ्यते।,"रोगाः स्रोतं नाशयन्ति, अतः कल्याणं जीवितञ्च विहीनम् भवति।",रोगः महान् अन्तरायः मनुष्यानां कृते उत्पन्नः।,इन्द्रः रोगशमनस्य शमोपायम् विज्ञापयितुं शक्ष्यते।,
"कः सहस्राक्षभवनं गच्छेत् प्रष्टुं शचीपतिम् ||१८||
अहमर्थे नियुज्येयमत्रेति प्रथमं वचः |
भरद्वाजोऽब्रवीत्तस्मादृषिभिः स नियोजितः ||१९||
स शक्रभवनं गत्वा सुरर्षिगणमध्यगम् [३] |
ददर्श बलहन्तारं [४] दीप्यमानमिवानलम् ||२०||
सोऽभिगम्य [५] जयाशीर्भिरभिनन्द्य सुरेश्वरम् |
प्रोवाच विनयाद्धीमानृषीणां [६] वाक्यमुत्तमम् ||२१||
व्याधयो हि समुत्पन्नाः सर्वप्राणिभयङ्कराः |
तद्ब्रूहि मे शमोपायं यथावदमरप्रभो ||२२||
तस्मै प्रोवाच भगवानायुर्वेदं शतक्रतुः |
पदैरल्पैर्मतिं बुद्ध्वा विपुलां परमर्षये ||२३||
","Who should go to the abode of Indra to inquire about this. On this, first spoke Bharadwāja ‘I may be deputed for this work’ and so he was deputed by the sages. Having gone to Indra’s abode, he saw the killer of Bala sitting in the midst of the groups of godly sages and glittering like fire. He approached him with felicitating words of praises and blessings and the intelligent one submitted to him the message of the sages humbly and in the best possible way—“Diseases causing fear in all living beings have appeared, so, O Lord of gods, tell me the proper measures for (their) amelioration”. Then Lord Indra, having observed the wide intelligence of the great sage, delivered to him Āyurveda in a few words. [18–23]",Which sage offered to be deputed for the mission to Indra’s abode?,What was the appearance of the being Bharadwāja encountered in Indra’s realm?,What specific problem did Bharadwāja ask Indra to address concerning all living beings?,How did Indra respond to Bharadwāja’s request?,Bharadwāja volunteered to be deputed for the task.,"He saw the killer of Bala among the groups of sages, glittering like fire.",He asked Indra to reveal the proper measures for ameliorating diseases that cause fear in all living beings.,Indra gave him the knowledge of Ayurveda in a few concise words.,कौन से ऋषि ने इन्द्र के निवास में भेजे जाने की पेशकश की?,इन्द्र के वैभव में ऋषि भारद्वाज ने किस प्राणी को देखा और वह कैसे दिख रहा था?,भारद्वाज ने इन्द्र से सभी जीवों को प्रभावित करने वाली कौन सी समस्या के समाधान की माँग की?,इन्द्र ने भारद्वाज की प्रार्थना पर क्या उपहार दिया?,भारद्वाजा ने इन्द्र के निवास में भेजे जाने की पेशकश की।,"उन्होंने बल का हत्यारा, जो ऋषियों के समूह के बीच स्थित था, अग्नि की तरह चमकता हुआ देखा।",उन्होंने इन्द्र से सभी जीवों में भय उत्पन्न करने वाले रोगों के शमन हेतु उचित उपायों की जानकारी मांगी।,इन्द्र ने उन्हें संक्षिप्त शब्दों में आयुर्वेद का ज्ञान प्रदान किया।,कोऽयं ऋषिः इन्द्रस्य गृहेन निरूपितः भवितुम् अभिरुचिं कृतवान्?,इन्द्रगृहं गत्वा भारद्वाजेन किं दृश्यताम् तथा तस्य रूपम् कथम् आसीत्?,भारद्वाजेन इन्द्राय किम् अपि प्रश्नः अभ्यर्हितः सर्वजिवितानां रोगाणां विषये?,इन्द्रः भारद्वाजस्य प्रश्नस्य प्रतिउत्तरं किम् अदात्?,भारद्वाजः इन्द्रस्य गृहे निरूपितः भवितुं अभिरुचिं कृतवान्।,"सः बलहन्तारम् इन्द्रगृहं गत्वा दृष्टवान्, यः अग्निवत् दीप्यमानः आसीत्।",सः सर्वजिवितानां भयप्रद रोगाणां शमनस्य उचितान् उपायान् इन्द्रात् पृच्छत्।,इन्द्रः तस्मै आयुर्वेदस्य ज्ञानम् अल्पशब्दैः सम्प्रदाय।,
"
हेतुलिङ्गौषधज्ञानं स्वस्थातुरपरायणम् |
त्रिसूत्रं शाश्वतं पुण्यं बुबुधे यं पितामहः ||२४||

","Ayurveda providing knowledge of aetiology, symptomalogy and therapeutics, best way for both the healthy and the sick, SU-aphorismic, continuing for the time immemorial and virtuous which was known by Brahma (creator) first. [24]",What aspects of disease does Ayurveda encompass?,For whom is Ayurveda considered the optimal approach?,How is the foundational text of Ayurveda characterized in terms of form and longevity?,Which primordial figure is said to have first known this system?,"It includes knowledge of causes, symptoms, and treatments.",It is regarded as the best method for both healthy individuals and those who are ill.,It is presented as a concise three‑verse aphorism that has endured eternally.,"It is said that Brahma, the creator, was the first to know it.",आयुर्वेद किस प्रकार के रोग विज्ञान को शामिल करता है?,आयुर्वेद को किसके लिए सर्वोत्तम माना जाता है?,आयुर्वेद की मूल रचना को कैसे वर्णित किया गया है?,इस प्रणाली को पहले किसने जाना था?,"यह रोग के कारण, लक्षण और उपचार के ज्ञान को सम्मिलित करता है।",इसे स्वस्थ व्यक्तियों और रोगियों दोनों के लिये सबसे उपयुक्त माना जाता है।,इसे तीन श्लोकों वाला संक्षिप्त सूत्र माना गया है जो अनन्तकाल तक चलने वाला है।,"इसे प्रथम बार ब्रह्मा, सृष्टिकर्ता ने जाना था।",आयुर्वेदस्य कस्य रोगविज्ञानस्य भागाः सम्मिलिताः?,किनभ्यः व्यक्तिभ्यः आयुर्वेदः उत्तममार्गः इति मन्यते?,आयुर्वेदस्य मूलसूत्रं कथेभ्यः स्वरूपेण वर्ण्यते?,एतस्य विज्ञानस्य प्रथमज्ञानं कस्य अभवत्?,"कारणनिर्णयम्, लक्षणविवरणम्, उपचारविधयश्च।",स्वस्थस्य च रोगीणां च द्वयोः कृते एषः उत्तमः मार्गः इति मान्यते।,"त्रिसूत्रं लघुं शाश्वतं च, सततं प्रवर्तितम् इति वर्ण्यते।",सृष्टिकर्ता ब्रह्मणः प्रथमं एतत् ज्ञातम् इति ज्ञायते।,
"सोऽनन्तपारं त्रिस्कन्धमायुर्वेदं महामतिः |
यथावदचिरात् सर्वं बुबुधे तन्मना मुनिः ||२५||
तेनायुरमितं [७] लेभे भरद्वाजः सुखान्वितम् |
ऋषिभ्योऽनधिकं तच्च [८] शशंसानवशेषयन् ||२६||

","He (Bharadwaja), the intelligent and concentrated sage, acquired the endless and three-pronged Ayurveda properly and entirely in a short time. By this Bharadwaja attained immeasurable happy life-sSU and transmitted that, as it is (neither more nor less) to the sages. [25-26]",Who is described as an intelligent and focused sage who mastered Ayurveda quickly?,What characteristic of the Ayurveda that Bharadwaja obtained is highlighted?,What was the result of Bharadwaja's mastery of Ayurveda for his own life?,To whom did Bharadwaja convey the knowledge of Ayurveda after attaining it?,"Bharadwaja, the intelligent and concentrated sage, mastered Ayurveda in a short time.","The Ayurveda is described as endless and three‑pronged, meaning it is comprehensive and has three fundamental aspects.","By mastering Ayurveda, Bharadwaja achieved an immeasurable, happy, and long life.",He transmitted the exact knowledge of Ayurveda to other sages without alteration.,कौन वह बुद्धिमान और एकाग्र ऋषि है जिसने आयुर्वेद को शीघ्र ही सिद्ध किया?,आयुर्वेद के किस विशेष गुण का उल्लेख किया गया है जो भरद्वाज ने प्राप्त किया?,भरद्वाज ने आयुर्वेद का अधिग्रहण करने से अपने जीवन में क्या प्राप्त किया?,आयुर्वेद के ज्ञान को भरद्वाज ने किन्हें समान रूप में प्रसारित किया?,"भरद्वाज, जो बुद्धिमान और एकाग्र ऋषि थे, ने शीघ्र ही आयुर्वेद को सिद्ध किया।","आयुर्वेद को अनन्त और त्रिस्कन्ध (तीन‑मुखी) बताया गया है, अर्थात् यह व्यापक और तीन मुख्य भागों से युक्त है।",आयुर्वेद को समझने के बाद भरद्वाज ने अपार सुख और अनन्त आयु प्राप्त की।,"उन्होंने वह ज्ञान जैसा था वैसा ही, बिना किसी परिवर्तन के, अन्य ऋषियों को दिया।",कोऽयं बुद्धिमन्तः एकाग्रः मुनिः यस्य आयुर्वेदस्य सिद्धि शीघ्रं अभवतु?,आयुर्वेदस्य कः विशेषः गुणः तत्र उल्लिखितः यः भरद्वाजा प्राप्तः?,आयुर्वेदस्य अधिगमनात् भरद्वाजस्य जीवनं किम् अपाप्तम्?,आयुर्वेदस्य तत्त्वं भरद्वाजः कः कः जनान् प्रति समानरूपेण प्रेषितवान्?,"भरद्वाजः, बुद्धिमान् एकाग्रः च, शीघ्रमेव आयुर्वेदस्य सिद्धिम् अदधु।","आयुर्वेदः अनन्तः त्रिस्कन्धः इति निर्दिश्यते, यः सर्वसम्पूर्णः त्रिविधेन पक्षेण व्यवस्थितः।",आयुर्वेदस्य सिद्ध्याः फलतः भरद्वाजः अपारं सुखं अनन्तं च आयुर्म् अवापत्।,सः आयुर्वेदस्य यथावद् ज्ञानम् अन्यान् ऋषीणः सम्यक् प्रकारेण प्रेषितवान्।,
"ऋषयश्च भरद्वाजाज्जगृहुस्तं प्रजाहितम् |
दीर्घमायुश्चिकीर्षन्तो वेदं वर्धनमायुषः ||२७||
महर्षयस्ते ददृशुर्यथावज्ज्ञानचक्षुषा |
सामान्यं च विशेषं च गुणान् द्रव्याणि कर्म च ||२८||
समवायं च तज्ज्ञात्वा तन्त्रोक्तं विधिमास्थिताः |
लेभिरे परमं शर्म जीवितं चाप्यनित्वरम् [९] ||२९||

","The sages, desirous of long life, too received that benevolent Veda (compendium of knowledge) of promoting life-sSU from Bharadwaja. The great sages further grasped properly the knowledge of Samanya (similarity), Visesa (dissimilarity), Guna (properties), Dravya (substance), Karma (action) and Samavaya (inherence) by which they followed firmly the tenets of the compendium and attained highest well-being and non-perishable life-sSU. [27-29]",Who gave the sages the Veda that promotes long life?,What categories of knowledge did the great sages understand to follow the Veda’s tenets?,What was the result of the sages adhering firmly to the Veda’s principles?,Why did the sages seek the Veda from Bharadwaja?,The sage Bharadwaja gave them the benevolent Veda for promoting life.,"They understood Samanya (similarity), Visesa (dissimilarity), Guna (properties), Dravya (substance), Karma (action), and Samavaya (inherence).","They attained the highest well‑being and a non‑perishable, long life.",They desired a long lifespan and thus sought the Veda that could grant it.,कौन से ऋषि ने जीवन दीर्घायु के लिए वैदिक ज्ञान दिया?,ऋषियों ने वैदिक सिद्धांतों का पालन करने हेतु किन शास्त्रीय वर्गों को समझा?,वैदिक सिद्धांतों का दृढ़ता से पालन करने से ऋषियों को क्या प्राप्त हुआ?,ऋषियों ने दीर्घायु की इच्छा क्यों रखी और वह किससे प्राप्त करना चाहते थे?,भरद्वाज ने ऋषियों को जीवन को दीर्घ करने वाला वैदिक ज्ञान दिया।,"उन्होंने समान्य, विशेष, गुण, पदार्थ, कर्म और समवाय को समझा।",उन्हें परम कल्याण और अजर‑अमर दीर्घायु प्राप्त हुई।,वे दीर्घ जीवन चाहते थे और इसलिए उन्होंने भरद्वाज से वह ज्ञान प्राप्त किया।,कः भरद्वाजः ऋषिभ्यः दीर्घायुः प्रजाहितुं केन ग्रन्थेन दत्तवान्?,कानी वस्तूनि ऋषिणः समान्यं विशेषं गुणं पदार्थं कर्म च समवायं इति ज्ञातवन्ति?,वैदिकनियमान् दृढतया अनुसरन्तः ऋषिणां किम् अभवत्?,दीर्घायुः इच्छन्तः ऋषयः कः कारणेन भरद्वाजात् तं ज्ञानं ग्रहीतवन्ति?,भरद्वाजेन तेन वैदिकग्रन्थेन ऋषिभ्यः दीर्घायुः प्रजाहितुं दत्तम्।,"ते समान्यं, विशेषं, गुणं, पदार्थं, कर्म, समवायं इत्यत्र ज्ञातवन्तः।",ते परमं कल्याणं तथा च अनित्वरं दीर्घायुः प्राप्तवन्ति।,दीर्घायुः प्राप्तुं इच्छन्तः तेन कारणेन भरद्वाजात् तद् ज्ञानम् अधिग्रहीतवन्ति।,
"अथ मैत्रीपरः पुण्यमायुर्वेदं पुनर्वसुः|
शिष्येभ्यो दत्तवान् षड्भ्यः सर्वभूतानुकम्पया ||३०||
अग्निवेशश्च भेल(ड)श्च जतूकर्णः पराशरः|
हारीतः क्षारपाणिश्च जगृहुस्तन्मुनेर्वचः ||३१||
","Now, Punarvasu, out of friendliness, bestowed the virtuous Ayurveda upon the six disciples prompted with compassion on all creatures. (The disciples) Agnivesa, Bhela, Jatukarna, Parasara, Harita and KsaraSUi received the word (of instruction) from the sage (Punarvasu). [30-31]",Who were the six disciples that received the teachings of Ayurveda from Punarvasu?,What quality of Punarvasu prompted him to give Ayurveda to his disciples?,What kind of knowledge did Punarvasu bestow upon his disciples?,How did compassion influence Punarvasu's decision to teach Ayurveda?,"The disciples were Agnivesa, Bhela, Jatukarna, Parasara, Harita, and KsaraSUi.",He acted out of friendliness and compassion toward all creatures.,He bestowed the virtuous science of Ayurveda.,His compassion for all beings motivated him to share the beneficial Ayurvedic teachings with his six students.,पुनर्वसु ने किन छह शिष्यों को आयुर्वेद का ज्ञान दिया?,पुनर्वसु ने आयुर्वेद देने के पीछे कौन सी भावना थी?,पुनर्वसु ने शिष्यों को कौन सा ज्ञान प्रदान किया?,सभी जीवों के प्रति करुणा ने पुनर्वसु के आयुर्वेद प्रसारण को कैसे प्रभावित किया?,"उन्होंने अग्निवेश, भेला, जटुकारण, पराशर, हरित और क्षारपाणि को यह ज्ञान दिया।",वह मैत्री और सभी जीवों के प्रति करुणा के कारण ऐसा किया।,उन्होंने उन्हें पुण्यपूर्ण आयुर्वेद का शिक्षण दिया।,करुणा ने उन्हें यह लाभकारी आयुर्वेद अपने छह शिष्यों को बाँटने के लिये प्रेरित किया।,कः कः षड्भ्यः शिष्याः पुनर्वसः आयुर्वेदस्य शिक्षां लब्धवन्तः?,पुनर्वसः आयुर्वेदं दातुं कया भावनया प्रेरितः?,पुनर्वसः शिष्यमभ्यागतं किम्?,सर्वभूतानुकम्पा पुनर्वसस्य आयुर्वेददानस्य कारणं किम्?,"ते अग्निवेशः, भेला, जटुकारणः, पराशरः, हरितः, क्षारपाणिः च अभवन्।",सः मैत्र्यया च सर्वभूतानुकम्पया प्रेरितः।,सः पुण्यमयम् आयुर्वेदम् अदान्।,सर्वभूतेभ्यः करुणा सः आयुर्वेदस्य ज्ञानं षड्भ्यः शिष्येभ्यः दातुं प्रेरितम्।,
"बुद्धेर्विशेषस्तत्रासीन्नोपदेशान्तरं मुनेः|
तन्त्रस्य कर्ता प्रथममग्निवेशो यतोऽभवत्||३२||
अथ भेलादयश्चक्रुः स्वं स्वं तन्त्रं कृतानि च|
श्रावयामासुरात्रेयं सर्षिसङ्घं सुमेधसः||३३||
श्रुत्वा सूत्रणमर्थानामृषयः पुण्यकर्मणाम्|
यथावत्सूत्रितमिति प्रहृष्टास्तेऽनुमेनिरे||३४||
सर्व एवास्तुवंस्तांश्च सर्वभूतहितैषिणः|
साधु [१०] भूतेष्वनुक्रोश इत्युच्चैरब्रुवन् समम्||३५||
तं पुण्यं शुश्रुवुः शब्दं दिवि देवर्षयः स्थिताः|
सामराः परमर्षीणां श्रुत्वा मुमुदिरे परम्||३६||
अहो साध्विति निर्घोषो लोकांस्त्रीनन्ववा(ना)दयत्|
नभसि स्निग्धगम्भीरो हर्षाद्भूतैरुदीरितः||३७||
शिवो वायुर्ववौ सर्वा भाभिरुन्मीलिता दिशः|
निपेतुः सजलाश्चैव दिव्याः कुसुमवृष्टयः||३८||
अथाग्निवेशप्रमुखान् विविशुर्ज्ञानदेवताः|
बुद्धिः सिद्धिः स्मृतिर्मेधा धृतिः कीर्तिः क्षमा दया||३९||
तानि चानुमतान्येषां तन्त्राणि परमर्षिभिः|
भ(भा)वाय भूतसङ्घानां प्रतिष्ठां भुवि लेभिरे||४०||","It was only the extraordinary merit and not the different instruction of the sage that made AgniveSa the author of the compendium first. Afterwards, Bhela etc. also authored their own compendiums and all of them, intelligent ones, presented their works before Atreya alongwith the group of sages. The sages, on hearing the composition of benevolent topics, were extremely pleased and approved it with the remark that. they were properly composd. All praised them, the benefactors of all creatures, alongwith the loud applause for the compassion on creatures. These (loud) virtuous words of the great sages were heard by the godly sages and gods living in heaven and they were extremely delighted. The deep and affectionate sound of ‘well done’ expressed by the creatures with happiness in the sky resounded the three worlds. The pleasant wind began to blow, all corners blossomed with lustre and there were divine showers of flowers and water. Then the goddesses of knowledge—Buddhi (intelligence), Siddhi (success), Smṛti (memory), Medhā (intellect), Dhṛti (restraint), Kīrti (fame), Kṣamā (forbearance) and Dayā (kindness) entered into Agniveśa etc. Thus their compendiums approved by the great sages were established on (strong) footing for the welfare of the creatures. [32–40]",Who was acknowledged as the author of the first medical compendium because of his extraordinary merit?,"Which scholars, after Agnivesha, also wrote their own compendiums and presented them before Atreya?",How did the assembled sages respond when they heard the compositions dealing with benevolent subjects?,Which divine personifications of knowledge are said to have entered the works of Agnivesha and his peers after the sages' approval?,Agnivesha was recognized as the author of the first compendium due to his extraordinary merit.,"Bhela and other sages followed Agnivesha, authored their own compendiums, and presented them before Atreya.","The sages were extremely pleased, declared the works properly composed, and praised the authors.","The goddesses of knowledge—Buddhi, Siddhi, Smṛti, Medhā, Dhṛti, Kīrti, Kṣamā, and Dayā—entered their works.",कौन व्यक्ति अपने असाधारण पुण्य के कारण प्रथम वैद्य संहिता का लेखक माना गया?,अग्निवेश के बाद कौन-कौन ने अपने‑अपने संहिता रची और उन्हें अत्रेय के सम्मुख प्रस्तुत किया?,जब ऋषियों ने दया‑पूर्ण विषयों की रचना सुनी तो उनका क्या प्रतिक्रिया रही?,ऋषियों के अनुमोदन के बाद किन दिव्य ज्ञान‑गुंजों ने अग्निवेश के कार्यों में प्रवेश किया?,अग्निवेश को अपने असाधारण पुण्य के कारण प्रथम वैद्य संहिता का लेखक माना गया।,भेल और अन्य ऋषियों ने भी अपने‑अपने संहिता लिखी और उन्हें अत्रेय के सामने प्रस्तुत किया।,"वे अत्यंत प्रसन्न हुए, इसे सही रूप से रचित माना और लेखकों की प्रशंसा की।","बुद्धि, सिद्धि, स्मृति, मेधा, धृति, कीर्ति, क्षमा और दया ने उनके कार्यों में प्रवेश किया।",कः असाधारणे पुण्येण प्रथमं तंत्रस्य लेखक इति अभिवर्तितः?,अग्निवेशानन्तरं कस्य कस्याः स्वस्मिन् तंत्रे लिखितवन्तः च अत्रेयसमक्षम् अर्पितवन्तः?,यदा ऋषयः दयालु-विषयानां रचनां श्रोतुं प्राप्तवन्तः तदा तेषां किम् अभवत्?,ऋषीणां स्वीकृत्य पश्चात् काः दिव्याः ज्ञानदेवताः अग्निवेशस्य तत्र प्रवेशवन्तः?,अग्निवेशः असाधारणे पुण्येण प्रथमं तंत्रस्य लेखक इति अभिवर्तितः।,भेलः तथा इतराः ऋषयः स्वस्य तंत्रे लिखितवन्तः च अत्रेयसमक्षम् अर्पितवन्तः।,"ते अत्यन्तं हृष्टा: अभवन्, तां रचनां उचितरूपेण निर्मिताम् इति स्वीकृत्य लेखकान् प्रशंसन्।","बुद्धिः, सिद्धिः, स्मृति, मेधा, धृति, कीर्ति, क्षमा, च दया अग्निवेशस्य तत्र प्रवेशवन्तः।",
हिताहितं सुखं दुःखमायुस्तस्य हिताहितम्‌ । मानं च तच्च यत्रोक्तमायुर्वेदः स उच्यते ।।४९।।,"Ayurveda is that which deals with good, bad, happy and unhappy life, its promoters and non-promoters, measure and nature). [41]",What aspects of human experience are encompassed by Ayurveda?,Who are considered the promoters and non-promoters within the scope of Ayurveda?,"In Ayurvedic practice, what is meant by “measure”?",How does Ayurveda relate to nature?,"Ayurveda addresses both positive and negative aspects of life, including happiness and sorrow.","Promoters are those who support health and well‑being, while non‑promoters are factors or individuals that hinder it.","“Measure” refers to the appropriate balance, dosage, and timing needed to maintain health.",Ayurveda aligns health practices with the natural laws and elements governing the body and environment.,आयुर्वेद किन‑किन पहलुओं को सम्मिलित करता है?,आयुर्वेद में “प्रोमोटर” और “नॉन‑प्रोमोटर” किन्हें कहा जाता है?,आयुर्वेद में “माप” शब्द का क्या अर्थ है?,आयुर्वेद प्राकृतिक नियमों से कैसे जुड़ा है?,"आयुर्वेद सुख‑दुःख, लाभ‑हानि आदि सभी जीवन के सकारात्मक और नकारात्मक पक्षों को देखता है।","प्रोमोटर वे हैं जो स्वास्थ्य को बढ़ाते हैं, जबकि नॉन‑प्रोमोटर वे हैं जो रोग या असंतुलन लाते हैं।","माप का तात्पर्य उचित मात्रा, संतुलन और समय निर्धारण से है जो स्वास्थ्य को स्थिर रखता है।",आयुर्वेद प्रकृति के नियमों और तत्वों के साथ सामंजस्य स्थापित कर उपचार और जीवन शैली निर्धारित करता है।,आयुर्वेदः किम्‑किं जीवनस्य पक्षान् व्याप्नोति?,आयुर्वेदे हितकारिणः अपि च अहितकारिणः के मान्यन्ते?,आयुर्वेदे “माप” इत्यत्र किमर्थम् प्रयुज्यते?,आयुर्वेदः प्रकृतेः नियमभ्यः कथेति सम्बद्धः?,"आयुर्वेदः सुखं दुःखं च, हितं अधि‑हितं च सर्वे पक्षान् विवेच्छति।","हितकारिणः तु स्वास्थ्यं वर्धयन्ति, अहितकारिणः रोगं उत्पद्यन्ति इति स्मर्यते।","मापः इति यथोचितं मात्राव्यवस्थापनं, संतुलनं, कालसमीकरणं च सूचितम् अस्ति।","आयुर्वेदः प्रकृतेः तत्त्वानां सिद्धेः अनुसरति, स्वास्थ्यम् आदाय प्रकृतिं साक्षीभवति।",
"शरीरेन्द्रियसत्त्वात्मसंयोगो धारि जीवितम् |
नित्यगश्चानुबन्धश्च पर्यायैरायुरुच्यते ||४२||","‘Ayus' means the conjunction of body, sense organs, mind and self and is known by the synonyms dhari, jivita, nityaga and anubandha. [42]",What constitutes the concept of Ayus?,Which terms are used as synonyms for Ayus?,How does the term nityaga describe an aspect of Ayus?,"What does the combination of body, senses, mind, and self represent in the context of vitality?","Ayus is defined as the conjunction of the body, sense organs, mind, and self.","The synonyms for Ayus are dhari, jivita, nityaga, and anubandha.",The word nityaga highlights the perpetual or continuous nature of Ayus.,It signifies the total life‑force or vitality known as Ayus.,आयु को क्या-क्या तत्व मिलाकर माना जाता है?,आयु के कौन‑से पर्यायवाची शब्द हैं?,नित्यग शब्द आयु के किस गुण को दर्शाता है?,"शरीर, इन्द्रियों, मन और आत्मा के मिलन को क्या कहा जाता है?","शरीर, इन्द्रियों, मन और आत्मा के संयोजन से आयु को माना जाता है।","धारी, जीवित, नित्यग और अनुबन्ध आयु के पर्यायवाची शब्द हैं।",नित्यग आयु की निरन्तरता या स्थायी प्रकृति को दर्शाता है।,इसे आयु या जीवन शक्ति कहा जाता है।,आयुषस्य परिकल्पनायां कः कः घटकः संगच्छति?,आयुषस्य पर्यायाः कः कः?,नित्यग इति शब्देण आयुष्याः कः गुणः सूच्यते?,शरीरस्य इन्द्रियाणां चात्मनः च संयोजनं किम् इति नामभिः अभिधीयते?,शरीरेन्द्रियसत्त्वात्मसंयोगः आयुषस्य मुख्य घटकाः।,"धारी, जीवित, नित्यग, अनुबन्ध इति चतस्रः शब्दाः आयुषस्य पर्यायाः।","नित्यग इति आयुष्याः अनन्तता, सततता इति अर्थं दर्शयति।","तत् आयुष्, जीवितस्य मुख्यं रूपम् इति अभिधीयते।",
तस्यायुषः पुण्यतमो वेदो वेदविदां मतः । वक्ष्यते यन्मनुष्याणां लोकयोरुभयोर्हितम्‌ ।। ४३।।,The scholars of Vedas regard the Veda of that Ayus as the most virtuous one which is said as good for both the worlds for the human beings. [43],Which Veda do Vedic scholars consider the most virtuous?,What benefit does the Veda of Ayus provide to humanity?,Who holds the view that the Veda of Ayus is the most virtuous?,For which beings is the Veda of Ayus described as good?,They consider the Veda of Ayus to be the most virtuous.,It is said to be beneficial for both worlds for human beings.,The scholars who study the Vedas hold that view.,It is described as good for human beings across both worlds.,कौन सा वेद वैदिक विद्वानों द्वारा सबसे पुण्य माना जाता है?,आयुश वेद मानव जाति के लिए किस प्रकार का लाभ प्रदान करता है?,किस समूह ने आयुश वेद को सबसे पुण्य कहा है?,आयुश वेद किसके लिए कहा गया है कि यह अच्छा है?,वह आयुश का वेद सबसे पुण्य माना जाता है।,यह दोनों लोकों में मानवों के लिये लाभदायक बताया गया है।,वेदों के विद्वानों ने इसे सबसे पुण्य कहा है।,"यह मानव जीवों के लिये, दोनों लोकों में, अच्छा बताया गया है।",कस्य वेदः वैदिकविदुषः अधिकं पुण्यं मन्यते?,आयुशवेदः मनुष्याणां किमर्थं लाभदायकः?,कः आयुशवेदस्य पुण्यत्वस्य अभिप्रायं धृते?,आयुशवेदः कस्य हिताय उच्यते?,आयुशस्य वेदः अधिकं पुण्यं मन्यते।,एषः द्वयोः लोकयोः मनुष्याणां हिताय कथ्यते।,वेदविदाः एतस्य पुण्यत्वस्य अभिप्रायं धृते।,एतः मनुष्याणां द्वयोः लोकयोः हिताय उच्यते।,
"सर्वदा [१२] सर्वभावानां सामान्यं वृद्धिकारणम् |
ह्रासहेतुर्विशेषश्च, प्रवृत्तिरुभयस्य तु ||४४||",Similarity of all substances is always the cause of increase and dissimilarity the cause of decrease. Both effect by their application. [44],Why does combining similar substances tend to lead to an increase in quantity or quality?,How does the presence of dissimilar substances affect a system's magnitude?,What is the role of similarity in the process of growth according to natural principles?,In what way can both similarity and dissimilarity produce effects when applied?,Because similarity among substances acts as the universal cause that brings about increase.,Dissimilarity serves as the universal cause that brings about decrease.,Similarity functions as the always‑present cause that promotes growth.,Both similarity and dissimilarity can produce their respective effects when they are applied to a situation.,क्यों समान पदार्थों को मिलाने से मात्रा या गुण में वृद्धि होती है?,असमान पदार्थों की उपस्थिति प्रणाली के आकार को कैसे प्रभावित करती है?,वृद्धि की प्रक्रिया में समानता की क्या भूमिका है?,समानता और असमानता दोनों लागू होने पर किस प्रकार प्रभाव उत्पन्न करती हैं?,क्योंकि समान पदार्थों का मिलन हमेशा वृद्धि का कारण बनता है।,असमान पदार्थों की उपस्थिति हमेशा ह्रास का कारण बनती है।,समानता वृद्धि के सार्वभौमिक कारण के रूप में कार्य करती है।,समानता तथा असमानता दोनों ही लागू होने पर अपने‑अपने प्रभाव उत्पन्न करती हैं।,समानपदार्थानां संयोजनेन कस्य कारणेन वृद्धिः भवति?,असमानपदार्थानां उपस्थितेः परिणामः कः?,वृद्धेः प्रक्रियायां समानताया मुख्यं कार्यं किम्?,समानता च असमानता च प्रयोगेण कस्मिन् प्रकारेण प्रभावे उत्पद्यन्ते?,कारणम् समानता सर्वदा वृद्धिं जनयति।,कारणम् असमानता सर्वदा ह्रासं जनयति।,समानता सदा वृद्धेः मुख्यकारणम् अस्ति।,समानताया असमानताया च प्रयोगेण तौ द्वौ प्रभावौ जातौ।,
सामान्यमेकत्वकरं विशेषस्तु पृथक्त्वकृत्‌ । तुल्यार्थता हि सामान्यं विशेषस्तु विपर्ययः ।।४५।।,"Similarity brings unity while dissimilarity causes diversity. Again, similarity proposes similar purpose (or action) while dissimilarity has opposite one. [45]",How does similarity influence the formation of unity?,What is the result of dissimilarity within a collection of elements?,In what way does similarity affect the purpose of actions taken together?,What opposite effect does dissimilarity have on the purpose of actions?,Similarity brings about unity among the elements.,Dissimilarity leads to diversity among the elements.,Similarity directs actions toward a common purpose.,Dissimilarity causes actions to pursue opposite purposes.,समानता एकता के निर्माण को कैसे प्रभावित करती है?,वस्तुओं के समूह में असमानता का परिणाम क्या होता है?,समानता एक साथ किए गए कार्यों के उद्देश्य को कैसे निर्धारित करती है?,असमानता कार्यों के उद्देश्य पर कौन-सा विपरीत प्रभाव डालती है?,समानता वस्तुओं को एकजुट करके एकता उत्पन्न करती है।,असमानता वस्तुओं के बीच विविधता उत्पन्न करती है।,समानता कार्यों को एक समान उद्देश्य की ओर ले जाती है।,असमानता कार्यों को विपरीत उद्देश्यों की ओर धकेलती है।,समरूपता एकत्वस्य निर्माणं कथं प्रक्रमति?,विविधता कारणं भिन्नत्वस्य परिणामः कः?,समरूपता कर्मणां उद्देश्यम् कस्मात् प्रकारेण नियोजयति?,भिन्नत्वं कर्मणां उद्देश्यम् कस्य प्रतिकूलं प्रभावं दर्शयति?,समरूपता वस्तूनाम् एकत्वं सृष्ट्वा एकतां वहति।,भिन्नत्वं वस्तूनां मध्ये विविधतां जनयति।,समरूपता कर्माणि समानस्य उद्देशस्य प्रती दिशति।,भिन्नत्वं कर्माणि परस्परविरोधी उद्देशस्य दिशाम् आवहति।,
"सत्त्वमात्मा शरीरं च त्रयमेतत्त्रिदण्डवत् |
लोकस्तिष्ठति संयोगात्तत्र सर्वं प्रतिष्ठितम् ||४६||
स पुमांश्चेतनं तच्च तच्चाधिकरणं स्मृतम् |
वेदस्यास्य, तदर्थं हि वेदोऽयं सम्प्रकाशितः ||४७||","Mind, self and body-these three make a SUpod on which the livng word stands. That (living body) is Purusa (person), sentient and location of this Veda (Ayurveda). For him alone, this Veda is brought to light. [46-47]",What three elements together form a support similar to a tripod for the living principle?,Which being is identified as the living embodiment that houses the knowledge of Ayurveda?,For whose benefit is the knowledge of Ayurveda specifically illuminated?,"How are the mind, self, and body metaphorically described in relation to the living principle?","The mind, the self, and the body together form the three‑legged support for the living principle.","The living embodiment is the person (purusha), who is sentient and the seat of Ayurveda.",Ayurveda is illuminated specifically for that individual person.,"They are likened to a tripod, each forming one leg that upholds the living principle.",कौन‑से तीन तत्व मिलकर जीवित सिद्धान्त के लिए त्रिपदी जैसा आधार बनाते हैं?,कौन-सा जीवित अस्तित्व आयुर्वेद का स्थान माना गया है?,आयुर्वेद किसके लिए विशेष रूप से प्रकाशित किया गया है?,"मन, आत्मा और शरीर को जीवित सिद्धान्त के संदर्भ में कैसे वर्णित किया गया है?","मन, आत्मा और शरीर मिलकर त्रिपदी जैसा आधार बनाते हैं, जो जीवित सिद्धान्त को धारण करता है।","वह जीवित अस्तित्व मनुष्य (पुरुष) है, जो आयुर्वेद का स्थान माना गया है।",आयुर्वेद विशेष रूप से उस व्यक्ति के लिये प्रकाशित किया गया है।,"मन, आत्मा और शरीर को त्रिदण्ड के समान वर्णित किया गया है, जिससे जीवित सिद्धान्त का समर्थन होता है।",किम् त्रयम् एकत्र सुभजं त्रिदण्डवत् जीवितशब्दस्य आधारं भवति?,कोऽस्ति सः जीवितः व्यक्तिः यः आयुर्वेदस्य स्थानम् इति अभिप्रेतम्?,आयुर्वेदः किनः कृते प्रकाश्यते?,मनः आत्मा च शरीरं कस्य प्रकारेण त्रिदण्डसम इव निरूप्यते?,मनः आत्मा च शरीरं मिलित्वा त्रिदण्डवत् जीवितशब्दस्य आधारं निर्माति।,सः जीवितः पुरुषः आयुर्वेदस्य स्थानम् इति अभिप्रेतः।,आयुर्वेदः अस्मिन पुरुषेणैव प्रकाश्यते।,"मनः आत्मा च शरीरं त्रिदण्डसम इव वर्ण्यन्ते, यतः जीवितशब्दस्य समर्थनम् अस्ति।",
"खादीन्यात्मा मनः कालो दिशश्च द्रव्यसङ्ग्रहः |
सेन्द्रियं चेतनं द्रव्यं, निरिन्द्रियमचेतनम् ||४८||

","In short, akasa etc. (Akasa, vayu, tejas, ap and prthivi), self, mind, time and space are dravyas (substances). Dravya having sense organ is sentient while that without it is insentient. [48]","Which elements are identified as dravyas alongside the self, mind, time, and space?",What characteristic makes a dravya sentient according to this classification?,Is space considered a substance (dravya) in this list?,How are dravyas without sense organs described?,"Akasha, Vayu, Tejas, Ap, and Prithvi are listed together with the self, mind, time, and space as dravyas.",A dravya is sentient when it possesses sense organs (se ndriyam) and is conscious (chetanam).,"Yes, space is included as one of the dravyas.",Dravyas lacking sense organs are described as insentient and unconscious.,"कौन‑कौन से तत्व आत्मा, मन, काल और स्थान के साथ पदार्थ (द्रव्य) के रूप में गिने जाते हैं?",इस वर्गीकरण में द्रव्य को संवेदनशील (सेन्द्रिय) बनाने वाला गुण क्या है?,क्या स्थान को इस सूची में द्रव्य माना गया है?,बिना इन्द्रियों वाले द्रव्य को कैसे वर्णित किया गया है?,"आकाश, वायु, तेजस्, आप और पृथ्वी को आत्मा, मन, काल और स्थान के साथ द्रव्य माना गया है।","जब द्रव्य में इन्द्रियों का अस्तित्व और चेतना हो, तो वह संवेदनशील माना जाता है।","हाँ, स्थान को इस वर्गीकरण में द्रव्य के रूप में शामिल किया गया है।",इन्द्रियों के अभाव वाले द्रव्य को असंवेदनशील और अचेतन कहा गया है।,"आत्मा, मन, कालः च स्थानं च के अतिरिक्त किम्‑किम् पदार्थाः इति निर्दिष्टाः?",कस्य कारणेन कश्चन पदार्थः संवेदनशीलः इति ग्रहीतम्?,अयं वर्गीकरणे स्थानं पदार्थम् इति कथम् अभिधीयते?,इन्द्रियरहितानां पदार्थानां गुणः कः वर्णितः?,"आकाश, वायु, तेजस्, आप्, पृथिवी इत्यादीन् आत्मा, मनः, कालः, स्थानं च सहितम् द्रव्येषु गणितम्।","स्मः इन्द्रियाणि सन्ति चेतनत्वं च चेतनम्, तत्रैव पदार्थः संवेदनशीलः इति अभिधीयते।",एतस्य सूचीमध्ये स्थानम् अपि द्रव्यरूपेण उल्लेखितम् अस्ति।,"इन्द्रियरहितानां द्रव्यं अचेतनम्, असंवेदनशीलम् इति वर्णितम्।",
"सार्था गुर्वादयो बुद्धिः प्रयत्नान्ताः परादयः |
गुणाः प्रोक्ताः प्रयत्नादि कर्म चेष्टितमुच्यते ||४९||","Sense objects (sabda, sparsa, rupa, rasa, gandha), properties begining with guru, knowlege, qulaities ending with prayatna and begining with para are called gunas. The movement iniated by effort is called karma (action). [49]","Which sense objects are classified as sabda, sparsa, rupa, rasa, and gandha?","What term is used for qualities that begin with ""para"" and end with ""prayatna""?","How are properties that start with ""guru"" categorized?",What is the name given to the movement that originates from effort?,"They correspond to sound, touch, form, taste, and smell respectively.",Such qualities are called gunas.,They are also included among the gunas.,"It is called karma, meaning action.","ध्वनि, स्पर्श, रूप, रस और गंध को किस समूह में वर्गीकृत किया जाता है?","वह गुण जो “परा” से शुरू होते हैं और “प्रयत्न” पर समाप्त होते हैं, उन्हें क्या कहा जाता है?",“गुरु” से शुरू होने वाली विशेषताओं को किस रूप में समझा जाता है?,प्रयास द्वारा उत्पन्न गति को क्या नाम दिया गया है?,"इन्हें इन्द्रियों के वस्तु‑वस्तु अर्थात् शब्द, स्पर्श, रूप, रस, गंध कहा जाता है।",इन्हें गुण कहा जाता है।,इन्हें भी गुणों के अंतर्गत रखा जाता है।,"इसे कर्म कहा जाता है, अर्थात् क्रिया।","शब्दः, स्पर्शः, रूपः, रसः, गन्धः इत्येतेषां वस्तूनां वर्गः कः?",परा इत्यादिना प्रारभ्य प्रयत्नं इत्यन्ते समाप्तेभ्यः गुणः कथम् अभिधीयते?,गुरु इत्यादिना आरभ्यन्ति विशेषाणि किम्?,प्रयत्नादिनिर्मितः चलनः कः इति अभिध्यायते?,एतेषां वर्गः इन्द्रियवस्तूनाम् वर्गः अस्ति।,"एतेषां गुणः ""गुणाः"" इति कथ्यन्ते।",एतेषां विशेषाणां वर्गः अपि गुणाः इति अभिधीयते।,"तस्य नामा कर्म इति, यः क्रिया इति अभिव्यक्तिः।",
समवायोऽपृथग्भावो भूम्यादीनां गुणैर्मतः । स नित्यो यत्र हि द्रव्यं न तत्रानियतो गुणः ।।५०।।,Samavaya (inherence) is the inseparableness of prthivi etc. (dravya) with their gunas (properties). This is eternal because no dravya (substance) is devoid of property. [50],What does the inseparableness of a substance and its properties mean?,Why is this inseparableness considered eternal?,"To which kinds of things, such as earth, does this principle apply?",How does the fact that every substance possesses a property support the idea of inseparableness?,It means that a substance and its inherent qualities cannot be separated from each other.,"It is eternal because no substance exists without at least one property, making the bond permanent.","The principle applies to all material entities, for example earth and similar substances.","Since each substance always has a property, the connection between them is never broken.",एक पदार्थ और उसके गुणों की अविभाज्यता का क्या अर्थ है?,यह अविभाज्यता क्यों अनंत मानी जाती है?,भू­मि आदि जैसी वस्तुओं पर यह सिद्धांत कैसे लागू होता है?,प्रत्येक पदार्थ में गुण का होना अविभाज्यता के विचार को कैसे समर्थन देता है?,इसका अर्थ है कि पदार्थ और उसके अंतर्निहित गुण कभी अलग नहीं हो सकते।,"यह अनंत है क्योंकि कोई भी पदार्थ बिना गुण के नहीं रहता, इसलिए उनका संबंध स्थायी रहता है।","यह सिद्धांत सभी भौतिक वस्तुओं पर लागू होता है, जैसे पृथ्वी तथा समान पदार्थ।","चूंकि प्रत्येक पदार्थ में हमेशा कुछ न कुछ गुण रहता है, इसलिए वह गुण उसके साथ अनिवार्य रूप से जुड़ा रहता है।",समवायस्य अर्थः कः?,समवायः कस्मात् कारणेन शाश्वतः इति मान्यते?,पृथिव्यादीनां कस्य प्रकारस्य वस्तूनां इयं सिद्धान्तः लागू भवति?,सर्वेभ्यः पदार्थेभ्यः गुणः सन्ति इति तथ्यं समवायस्य सिद्धान्तं कथं सुदृढं करोति?,अर्थात् पदार्थस्य तस्य च गुणस्य अविभाज्यसम्बन्धः अस्ति।,"कारणम् एतद् यत् कस्यापि पदार्थे न किञ्चित् गुणं न भविष्यति, अतः सम्बन्धः अनन्तः भवति।","एष सिद्धान्तः सर्वेभ्यः भौतिकवस्तुभ्यः, यथा पृथिवी इत्यादीनाम्, लागू भवति।","यदि प्रत्येकस्य पदार्थस्य किञ्चित् न किञ्चित् गुणः स्याद्, तर्हि तस्य सम्बन्धः न कदापि विच्छेदितुं शक्यते।",
यत्रा्चिताः कर्मगुणाः कारणं समवायि यत्‌ । तद्द्रव्यं समवायी तु निश्चेष्टः कारणं गुणः ।।५९।।,"Dravya (substance including drugs) is that where actions and properties are located and which is the material cause (of its effect). Guna (property) is related with inherence (to dravya), is devoid of action and is (asamavayi--non-inherent) cause (of its effect). [51]","What is defined as the material cause of its effect, where actions and properties reside?",How is a property (Guna) described in relation to a substance (Dravya)?,Which entity includes drugs and serves as the locus of both actions and properties?,What role does a property (Guna) play concerning its effect in this framework?,"Dravya (substance, including drugs) is that where actions and properties are located and which is the material cause of its effect.","Guna is a property that inheres in Dravya, is devoid of action, and functions as a non‑inherent cause of its effect.","Dravya, which encompasses drugs, is the entity where both actions and properties are situated.","Guna acts as a non‑inherent cause of the effect, being without action yet inhering in Dravya.",कौन‑सा पदार्थ वह है जिसमें क्रिया और गुण स्थित होते हैं और जो अपने प्रभाव का कारण बनता है?,गुण को पदार्थ के संबंध में कैसे वर्णित किया गया है?,द्रव्य में कौन‑से तत्व शामिल होते हैं?,प्रभाव के कारण के रूप में गुण की क्या विशेषता है?,"द्रव्य वह पदार्थ है जिसमें क्रिया और गुण स्थित होते हैं और जो अपने प्रभाव का कारण बनता है, जिसमें औषधियाँ भी सम्मिलित हैं।","गुण वह विशेषता है जो द्रव्य में अंतर्निहित है, क्रिया से रहित है और प्रभाव का असमवायी कारण है।",द्रव्य में औषधियों सहित सभी पदार्थ सम्मिलित होते हैं।,"गुण प्रभाव का असमवायी कारण है, अर्थात वह बिना क्रिया के कारण बनता है, परन्तु द्रव्य में अंतर्निहित रहता है।",किम् अस्ति पदार्थः यत्र क्रियाः गुणाः च स्थिताः सन्ति तथा प्रभावस्य कारणम्?,गुणः द्रव्यस्य संबंधे कथम् अभिहितः?,द्रव्ये कः समाविष्टः?,प्रभावस्य कारणे रूपेण गुणस्य विशेषता का?,"द्रव्यं इदं वस्तु, औषधिसहितम्, यत्र क्रियाः गुणाः च सन्ति तथा कारणम् भवति।","गुणः द्रव्ये अन्तःस्थः, क्रियारहितः, प्रभावस्य असमवायिक कारणम् इति अभिहितः।",द्रव्ये औषधिं सहितान्ये सर्वे पदार्थाः अन्तर्भवन्ति।,"गुणः प्रभावस्य असमवायिक कारणम्, अर्थात् सः क्रियारहितः परन्तु द्रव्ये अन्तःस्थः।",
संयोगे च विभागे च कारणं द्रव्यमाश्रितम्‌ । कर्तव्यस्य क्रिया कर्म कर्म नान्यदपेक्षते ।।५२।।,"The causative factor in conjunction and disjunction, located in dravya and performance of that to be done is karma (action). Karma does not require another factor. [52] |",What is identified as the causative factor in both conjunction and disjunction?,Where is this causative factor said to be located?,Does karma require any other factor to operate?,How does the performance of the intended action relate to the causative factor?,Karma (action) is identified as the causative factor.,"It is located in dravya, the material substance.","No, karma does not require any other factor.",The performance of the intended action itself serves as the causative factor.,संगम और विच्छेद दोनों में कारण के रूप में क्या माना जाता है?,वह कारण किस तत्व में स्थित है?,क्या कर्म को किसी अन्य कारण की आवश्यकता होती है?,करने योग्य कार्य की अभिप्राय से कारण कैसे जुड़ा है?,कर्म (क्रिया) को कारण माना जाता है।,वह कारण पदार्थ (द्रव्य) में स्थित है।,"नहीं, कर्म को अतिरिक्त किसी कारण की आवश्यकता नहीं होती।",करने योग्य कार्य की क्रिया ही कारण के रूप में कार्य करती है।,संयोगे च विभागे च कारणम्‌ किम्?,कस्य स्थितौ कारणम्‌ अस्ति?,कर्मणः किम्‌ अन्यः कारणम्‌ आवश्यकी?,कर्तव्यस्य क्रियायाः कारणस्य सम्बन्धः कः?,कारणम्‌ कर्म (क्रिया) इति।,कारणम्‌ द्रव्ये स्थितम्‌।,"न, कर्मणः अन्यस्य कारणस्य आवश्यता नास्ति।",कर्तव्यस्य क्रिया एव कारणम्‌ भवति।,
इत्युक्तं कारणं कार्य धातुसाम्यमिहोच्यते । धातुसाम्यक्रिया चोक्ता तन्त्रस्यास्य प्रयोजनम्‌ ||५३||,"Thus described the cause. Now the effect, dhatusamya, is discussed here because the object of this compendium is achievement of dhatusamya (equilibrium of SUtaining and nourishing factors. [53]","What does the term ""dhatusamya"" refer to in this context?",What is identified as the primary objective of the discussed compilation?,Which two types of factors are balanced to achieve dhatusamya?,How is the relationship between cause and effect presented regarding dhatusamya?,Dhatusamya denotes the equilibrium of sustaining and nourishing factors.,The main aim of the compilation is the attainment of dhatusamya.,The balance involves sustaining factors and nourishing factors.,"The cause is first described, followed by the effect, which is the establishment of dhatusamya.","इस संदर्भ में ""धातुसाम्य"" शब्द का क्या अर्थ है?",इस संकलन का मुख्य लक्ष्य क्या बताया गया है?,धातुसाम्य प्राप्त करने के लिए किन दो प्रकार के कारकों का संतुलन आवश्यक है?,धातुसाम्य के संबंध में कारण और प्रभाव को कैसे प्रस्तुत किया गया है?,धातुसाम्य का अर्थ है पोषण और टिकाऊ कारकों का संतुलन।,इस संकलन का मुख्य उद्देश्य धातुसाम्य की प्राप्ति है।,धातुसाम्य के लिए पोषणकारी और टिकाऊ दोनों कारकों का संतुलन आवश्यक है।,"पहले कारण को बताया गया, फिर उसका परिणाम धातुसाम्य के रूप में दर्शाया गया है।","एषां संदर्भे ""धातुसाम्य"" इति शब्दः किं अभिप्रेत्य अस्ति?",अस्य सङ्ग्रहे मुख्यः उद्देशः कः प्रदर्शितः?,धातुसाम्यस्य सिद्ध्यर्थं कयोः प्रकारयोः कारकयोः संतुलनम् आवश्यकम्?,धातुसाम्यस्य कारण‑परिणामस्य सम्बन्धः कथं विविच्यते?,धातुसाम्य इति शब्दः धारणकर्ता च पोषक कारकयोः संतुलनम् अभिप्रेत्य अस्ति।,अस्य सङ्ग्रहे मुख्यः उद्देशः धातुसाम्यस्य प्राप्तिः इति प्रदर्शितः।,धातुसाम्ये धारणकर्ता (सतत्) तथा पोषक (निरन्तर) इत्ययोः कारकयोः संतुलनम् आवश्यकम्।,"प्रथमं कारणम् वर्णितम्, तदनन्तरं परिणामः धातुसाम्यस्य रूपेण प्रदर्शितः।",
"कालबुद्धीन्द्रियार्थानां योगो मिथ्या न चाति च|
द्वयाश्रयाणां व्याधीनां त्रिविधो हेतुसङ्ग्रहः||५४||
","Perverted, negative and excessive use of time, intelligence and sense objects is the threefold cause of both psychic and somatic disorders. [54]","What three aspects, when used pervertedly, negatively, or excessively, can cause both mental and physical disorders?",How does an excessive use of sense objects affect health?,"Which factor among time, intellect, and sense objects is considered a cause of disorders if handled improperly?",Why is balanced use of intelligence important for overall well‑being?,"The misuse of time, intelligence, and sense objects.",It is one of the three primary causes that can lead to both psychic and somatic ailments.,"All three—time, intellect, and sense objects—if perverted, negative, or excessive, cause disorders.",Because distorted use of intelligence is one of the three causes of mental and physical diseases.,"कौन से तीन तत्वों का विकृत, नकारात्मक या अत्यधिक उपयोग मनोवैज्ञानिक और शारीरिक रोगों का कारण बनता है?",इंद्रियों की वस्तुओं का अत्यधिक उपयोग स्वास्थ्य पर कैसे प्रभाव डालता है?,"समय, बुद्धि और इंद्रियों को अनुचित रूप से उपयोग करने से कौन‑सी समस्याएँ उत्पन्न हो सकती हैं?",बुद्धि का संतुलित उपयोग कुल मिलाकर कल्याण के लिये क्यों आवश्यक है?,"समय, बुद्धि और इंद्रियों की वस्तुएँ।",यह तीन मुख्य कारणों में से एक है जो मनोविकृति और शारीरिक रोग उत्पन्न करता है।,मनोरोग तथा शारीरिक दोनों प्रकार के रोग।,क्योंकि बुद्धि का विकृत उपयोग रोगों का एक प्रमुख कारण है।,"समयस्य, बौद्धिकस्य, इन्द्रियवस्तूनां च विकृतः अतिव्ययः कस्य कारणम् मनसि‑शरीरौ रोगाणाम्?",इन्द्रियवस्तूनां अतिव्ययः स्वास्थ्ये कथं प्रभावति?,"समयस्य, बौद्धिकस्य, इन्द्रियवस्तूनां च अनुचितः उपयोगः किम् रोगाणि सृजति?",बौद्धिकस्य सम्यक् उपयोगः सर्वाङ्गीणकल्याणाय किमर्थम् आवश्यकः?,एतेषां त्रयोः अनैतिकव्ययः मनसि‑शरीरौ रोगाणाम् कारणम्।,"एतत् त्रयीभूतस्य कारणस्य एकं भागम्, यत् मनसि‑शरीरौ रोगाणि जनयति।",एते त्रयः मनसि‑शरीरौ रोगाणि उत्पादयन्ति।,बौद्धिकस्य विकृतः उपयोगः रोगस्य मुख्यकारणम् भवति।,
शरीरं सत्त्वसंज्ञं च व्याधीनामाश्रयो मतः । तथा सुखानां योगस्तु सुखानां कारणं समः ।।५५।।,Both body and mind are the locations of disorders as well as pleasures. The balanced use is the cause of pleasures. [55],Where do disorders arise according to the teaching?,"According to the same principle, where can pleasure be experienced?",What practice leads to the attainment of pleasure?,How is balance described in relation to pleasure?,Disorders arise in both the body and the mind.,Pleasure is experienced in both the body and the mind.,"Pleasure is attained by using the body and mind in a balanced, moderate way.",Balance is identified as the cause or source of pleasure.,विचार के अनुसार रोग कहाँ उत्पन्न होते हैं?,उसी सिद्धांत के अनुसार सुख कहाँ अनुभव होते हैं?,कौन सा अभ्यास सुख प्राप्त करने में सहायक है?,संतुलन को सुख से कैसे जोड़ा गया है?,रोग शरीर और मन दोनों में उत्पन्न होते हैं।,सुख भी शरीर और मन दोनों में अनुभव किया जाता है।,"शरीर और मन का संतुलित, मध्यम उपयोग सुख प्राप्त करने में सहायक है।",संतुलन को सुख का कारण या मूल माना गया है।,रोगस्य स्थाने कुतः शरीरं च मनः?,सुखस्य अनुभवे कत्रोऽपि स्थाने भवति?,कः प्रयोगः सुखस्य कारणम् अभवत्?,संतुलनम् कस्मात् कारणात् सुखेन सम्बद्धम्?,रोगस्य स्थाने शरीरं च मनः उभयतः सन्ति।,सुखः शरीरं च मनः उभयतः अनुभूयते।,शरीरमन्यः संतुलितप्रयोगः सुखस्य कारणम्।,संतुलनम् सुखस्य कारणं वा मूलं इति निरूपितम्।,
"निर्विकारः परस्त्वात्मा सत्त्वभूतगुणेन्द्रियैः |
चैतन्ये कारणं नित्यो द्रष्टा पश्यति हि क्रियाः ||५६||

","The supreme self is devoid of abnormalities, is the cause of consciousness with the conjunction of mind, properties of bhutas* and sense organs, is eternal and seer who sees all the actions. [56] ",What characteristic of the supreme self shows that it is free from defects?,"How does the supreme self act as the cause of consciousness through its connection with the mind, the qualities of beings, and the senses?",Which attributes describe the supreme self as eternal and as the seer of all?,In what manner does the supreme self observe all actions?,"The supreme self is described as nirvikara, meaning it is devoid of abnormalities.","It is the cause of consciousness by uniting the mind, the inherent qualities of all beings, and the sense organs.",It is said to be eternal (nitya) and the seer (drashta) who perceives everything.,It watches every activity as the all‑seeing observer.,परम आत्मा को दोष‑रहित बताने वाला गुण कौन सा है?,"मन, जीवों की सत्त्व‑गुण और इंद्रियों के संगम से आत्मा चेतना का कारण कैसे बनती है?",परम आत्मा की शाश्वतता और सभी को देखने वाले दृष्टा के रूप में कौन‑कौन से गुण हैं?,परम आत्मा सभी क्रियाओं को किस प्रकार देखती है?,"परम आत्मा को निरविकार कहा गया है, अर्थात वह किसी भी असामान्यता से मुक्त है।","यह मन, जीवों के सत्त्व‑गुण और इंद्रियों के मिलन से चेतना का आधार बनती है।","इसे नित्य (शाश्वत) और दृष्टा कहा गया है, जो सबको देखता है।",परम आत्मा सभी कार्यों को अपने सर्वदर्शी दृष्टि से देखती है।,निर्विकारः इति कस्य लक्षणं सूच्यते?,"परस्त्वात्मा कतम् कारणं भवति चेतनायाः मनसि, सत्त्वभूतगुणे च इन्द्रियैः सह?",परस्त्वात्मा नित्यो किम् दर्शयति च दृष्टा इति कतम् लक्षणं?,परस्त्वात्मा सर्वकर्माणि कथम् पश्यति?,निर्विकारः इति लक्षणं आत्मा दोषरहितत्वम् दर्शयति।,"सः मनसि, सत्त्वभूतगुणे च इन्द्रियैः संयुज्य चेतनायाः कारणम् भवति।",नित्यो च दृष्टा इति लक्षणे सः शाश्वतः तथा सर्वदर्शी इति स्पष्टम्।,सः सर्वकर्माणि आत्मनि दृश्यम् इव पश्यति।,
वायुः पित्तं कफश्चोक्तः शारीरो दोषसंग्रहः । मानसः पुनरुद्दिष्टो रजश्च तम एव च ।।५७।।,"Vayu, pitta and kapha are, in short, bodily doSU' and rajas and tamas are the mental ones. [57]",Which three components are identified as bodily doshas?,What are the two mental qualities mentioned alongside the bodily doshas?,"How are Vayu, Pitta, and Kapha described in relation to the body?","In the classification of subtle forces, which aspects are attributed to the mind?","Vayu, Pitta, and Kapha are identified as the bodily doshas.",Rajas and Tamas are the two mental qualities mentioned.,They are described as the bodily doṣas that govern physical functions.,Rajas and Tamas are the aspects that belong to the mental sphere.,कौन से तीन तत्व शारीरिक दोषों के रूप में पहचाने जाते हैं?,शारीरिक दोषों के साथ उल्लेखित दो मानसिक गुण कौन‑से हैं?,"वायु, पित्त और कफ को शरीर के संदर्भ में कैसे वर्णित किया गया है?",सूक्ष्म शक्ति की वर्गीकरण में मन से सम्बंधित कौन‑से पहलू हैं?,"वायु, पित्त और कफ को शारीरिक दोषों के रूप में पहचाना गया है।",राजस और तमस दो उल्लेखित मानसिक गुण हैं।,इन्हें शारीरिक दोषा के रूप में वर्णित किया गया है जो शारीरिक कार्यों को नियंत्रित करते हैं।,राजस और तमस मन से सम्बंधित पहलू हैं।,वायुः पित्तं कफः कः वर्गः इति निर्दिष्टम्?,शारीरिक दोषानां उपरि उल्लेखितौ द्वौ मानसीयौ गुणौ कः?,वायुः पित्तं कफं शारीरस्य सम्बन्धे किमर्थं वर्णितम्?,सूक्ष्मशक्तिनां वर्गीकरणे मनसः सम्बन्धितः कः भागः?,वायुः पित्तं कफश्च शारीरिक दोषाः इति निर्दिष्टम्।,राजश्च तमश्च द्वे मानसीयौ गुणौ इति उल्लेखितम्।,ते शारीरस्य कार्याणि नियन्तुं शारीरिक दोषा इति वर्णिताः।,राजश्च तमश्च मनसः सम्बन्धितः भागौ इति मान्यते।,
प्रशाम्यत्यौषधैः पूर्वो दैवयुक्तिव्यपाश्रयैः । मानसो ज्ञानविज्ञानधैर्यस्मृतिसमाधिभिः ।। ५८।।,"The former ones are pacified by the remedial measures of divine and rational nature while the latter ones are treated with knowledge, specific knowledge, restraint, memory and concentration. [58]",What type of remedial measures are used to pacify the former ones?,Which mental faculties are employed to treat the latter ones?,How does the approach differ between the former and the latter?,"In dealing with the latter, why is restraint considered important?",Divine and rational remedial measures are used to pacify the former ones.,"Knowledge, specific knowledge, restraint, memory, and concentration are employed to treat the latter ones.","The former are soothed by external divine and logical remedies, whereas the latter are addressed through internal mental disciplines.","Restraint helps control the mind, enabling effective use of knowledge, memory, and concentration.",पूर्वजनों को शांति प्रदान करने के लिये कौन‑से उपाय उपयोग किए जाते हैं?,बाद के व्यक्तियों को सुधारने में किन गुणों का प्रयोग किया जाता है?,पूर्वजनों और बाद के व्यक्तियों के उपचार में मुख्य अंतर क्या है?,बाद के व्यक्तियों के उपचार में धैर्य की भूमिका क्या है?,देवत्व एवं तर्कसंगत उपायों का उपयोग किया जाता है।,"ज्ञान, विशेष ज्ञान, धैर्य, स्मृति और एकाग्रता का प्रयोग किया जाता है।","पूर्वजनों को बाहरी दिव्य और तार्किक उपायों से शांति मिलती है, जबकि बाद के व्यक्तियों को आन्तरिक मानसिक शक्ति से उपचारित किया जाता है।","धैर्य मन को नियंत्रित करता है जिससे ज्ञान, स्मृति और एकाग्रता प्रभावी रूप से उपयोग हो सके।",पूर्वजनानाम् शान्तिं कर्तुं कः उपायः प्रयुज्यते?,उत्तरजनेभ्यः उपचाराय काणि मनःसत्त्वानि आवश्यकानि?,पूर्वजनानाम् उत्तरजनानां च उपचारपद्धतिषु मुख्यभेदः कः?,उत्तरजनानां उपचारे धैर्यस्य महत्त्वं किं?,देवसम्बद्धः तथा तर्कसंगतः उपायः प्रयुज्यते।,"ज्ञानम्, विशिष्टज्ञानम्, धैर्यम्, स्मृतिः, एकाग्रताम् आवश्यकानि।","पूर्वजनाः बाह्यदैवीक‑तार्किक‑उपायैः शान्तिम् लभन्ते, उत्तरजनाः आन्तरिकज्ञान‑धैर्य‑स्मृति‑एकाग्रता‑इत्यादिनां द्वारा उपचारिताः।","धैर्यम् मनः नियन्ति, येन ज्ञानम्, स्मृतिः, एकाग्रता च प्रभावीभवति।",
"रूक्षः शीतो लघुः सूक्ष्मश्चलोऽथ विशदः खरः |
विपरीतगुणैर्द्रव्यैर्मारुतः सम्प्रशाम्यति ||५९||
सस्नेहमुष्णं [१३] तीक्ष्णं च द्रवमम्लं सरं कटु |
विपरीतगुणैः पित्तं द्रव्यैराशु प्रशाम्यति ||६०||
गुरुशीतमृदुस्निग्धमधुरस्थिरपिच्छिलाः |
श्लेष्मणः प्रशमं यान्ति विपरीतगुणैर्गुणाः ||६१||","Vayu is non-unctuous, cold, light, subtle, mobile, non-slimy and rough in properties and is pacified by drugs having opposite properties. Pitta is slightly unctuous, hot, sharp, liquid, sour, mobile and pungent and is pacified immediately by drugs(and substances) having opposite properties. The properties of kapha (are) -heaviness, coldness, softness, unctuousness, sweetness, immobility and sliminess. (which) are subsided by (the durgs and substances having) opposite properties. [59-61]",What are the primary qualities attributed to Vayu?,How is Pitta calmed according to its characteristic traits?,Which qualities define Kapha and how can they be mitigated?,"What general principle governs the soothing of Vata, Pitta, and Kapha?","Vayu is described as non‑unctuous, cold, light, subtle, mobile, non‑slimy and rough.","Pitta, being slightly unctuous, hot, sharp, liquid, sour, mobile and pungent, is pacified by substances possessing opposite qualities.","Kapha is heavy, cold, soft, unctuous, sweet, immobile and slimy, and these are subsided by drugs with contrary properties.",Each dosha is pacified by remedies that have properties opposite to its own inherent qualities.,वात के मुख्य गुण कौन‑कौन से हैं?,पित्त को किस प्रकार की दवाओं से शांत किया जाता है?,कफ के कौन‑से गुण हैं और उन्हें कैसे समाप्त किया जाता है?,"वात, पित्त और कफ को शांत करने का सामान्य सिद्धांत क्या है?","वात अरिक, शीत, लघु, सूक्ष्म, चल, अर्द्र नहीं और खर (खुरदरापन) वाले गुणों से विशेषित है।","पित्त हल्का अरिक, गर्म, तीक्ष्ण, द्रव, खट्टा, चल और पिष्णु है; इसे विपरीत गुणों वाली दवाओं से तुरंत शांत किया जाता है।","कफ भारी, शीत, स्निग्ध, अरिक, मीठा, अचल और श्लेष्मण (स्लिमी) है; इन गुणों को विरोधी‑गुण वाली दवाओं से दूर किया जाता है।",प्रत्येक दोष को उसके विरुद्ध गुणों वाले पदार्थों द्वारा शान्त किया जाता है।,वातस्य मुख्यगुणाः किम्?,पित्तं कस्यापि विरोधीगुणैः औषधिभिः कदा प्रशम्यते?,कफस्य गुणाः कस्यन्ते तथा तस्य शमनः कथम्?,"वात्, पित्त्, कफ् इत्येत्येषां शमनस्य मूलभूतम् सिद्धान्तम् किम्?","वातः रूक्षः, शीतः, लघुः, सूक्ष्मः, चलः, विशदः, खरः इति गुणैः विशेषितः।","पित्तं अरिकः, ऊष्णः, तीक्ष्णः, द्रवः, क्षारः, चलः, पिष्णु इत्यादि गुणैः निरूपितम्; तत्र विरोधीगुणैः औषधिभिः शीघ्रं प्रशम्यते।","कफः दृढः, शीतः, स्निग्धः, अरिकः, मधुरः, अचलः, श्लेष्मणः च; तस्य विरोधीगुणैः द्रव्यैः प्रशम्यते।",प्रत्येकस्य दोषस्य शमनम् तस्य विरोधीगुणैः द्रव्यैः क्रियते।,
"विपरीतगुणैर्देशमात्राकालोपपादितैः |
भेषजैर्विनिवर्तन्ते विकाराः साध्यसम्मताः ||६२||
साधनं न त्वसाध्यानां व्याधीनामुपदिश्यते |

","Curable disorders go back by drugs having opposite properties and administered with due consideration of place, dose and time. Treatment of incurable diseases is not advised. [62]",What is the principle behind using medicines with opposite qualities to treat a disease?,Which factors must be considered when administering such medicines for them to be effective?,How should a practitioner approach a disease that is deemed incurable?,Why is it important to match the drug's qualities with the nature of the disorder?,The principle is that a drug possessing properties opposite to those causing the disorder can counteract and reverse the condition.,"Effectiveness depends on proper selection of the location of application, appropriate dosage, and correct timing.",The practitioner should refrain from attempting treatment for an incurable disease.,"Matching opposite qualities ensures that the drug directly neutralizes the pathogenic factors, leading to recovery.",रोग के उपचार में विपरीत गुण वाले औषधि प्रयोग करने का सिद्धांत क्या है?,ऐसी औषधियों को प्रभावी बनाने के लिये कौन-कौन से तत्वों का ध्यान रखना चाहिए?,यदि कोई रोग असाध्य माना जाता है तो चिकित्सक को क्या करना चाहिए?,रोग के स्वरूप के विपरीत गुण वाली औषधि का उपयोग क्यों महत्वपूर्ण है?,वह सिद्धांत है कि रोग के कारण वाले गुणों के विपरीत गुण वाली औषधि रोग को निरस्त्र करके ठीक कर सकती है।,"स्थान, उचित मात्रा और समय का सही चयन आवश्यक है।",असाध्य रोग के लिए उपचार करने से परहेज करना चाहिए।,इससे रोग के कारणी तत्वों को सीधे विरोध करके रोग की प्रवृत्ति समाप्त होती है।,रोगस्य निराकरणे विपरीतगुणैः औषधिं प्रयोजनस्य सिद्धान्तः कः?,एतां औषधिं कार्यक्षमायां कियत् तत्वानि मन्यन्ते?,असाध्यरोगस्य उपचारस्य विषये चिकित्सकः किम् कर्तव्यम्?,रोगस्य गुणेण विपरीतम् औषधिं प्रयोजनं किमर्थं महत्त्वपूर्णम्?,रोगे कारणभूषितगुणेण विरुद्धं गुणं युक्ता औषधिः रोगं निराकुर्वन्ति।,"स्थानम्, यथोचितं मात्रा, तथा समयस्य उचितनिर्धारणम् आवश्यकम्।",असाध्यरोगे उपचारं न कर्तुं प्रयतितव्यम्।,तेन रोगस्य कारणीभूतगुणेण विरोधं कृत्वा रोगस्य प्रवृत्तिं निरस्यति।,
भूयश्चातो यथाद्रव्यं गुणकर्माणि वक्ष्यते ।।६३|।,Now the properties and actions accordings to drugs will be described in details. [63],What will be explained next regarding medicinal substances?,"In the study of pharmacology, what two main aspects of a drug are examined?",Why is it important to understand both the qualities and functions of a drug?,How does a detailed description of a drug’s properties and actions benefit a practitioner?,The properties and actions of the drugs will be described in detail.,Its properties (characteristics) and its actions (effects) are examined.,Because this knowledge allows prediction of therapeutic outcomes and safety.,"It enables precise selection and dosage, thereby improving treatment efficacy.",आगे कौन‑सी जानकारी दी जाएगी औषधियों के बारे में?,औषधियों के अध्ययन में किन दो मुख्य पहलुओं को देखा जाता है?,किसी औषधि के गुण और क्रिया को समझना क्यों आवश्यक है?,विस्तृत गुण‑क्रिया विवरण से चिकित्सक को क्या लाभ मिलता है?,उनके गुणों और क्रियाओं का विस्तृत विवरण दिया जाएगा।,उनका गुण (स्वभाव) और क्रिया (प्रभाव) देखा जाता है।,इससे उसके उपचारात्मक प्रभाव और सुरक्षा का अनुमान लगाया जा सकता है।,वह सही चयन और मात्रा निर्धारित करके उपचार की प्रभावशीलता बढ़ा सकता है।,किम्‌भविष्यति औषधीनां विषये विस्तरेण वर्णनम्?,औषधीनां अध्ययनस्य मुख्यानि द्वे पक्षौ किम्?,औषधीनां गुणक्रियाणि विज्ञातुं किमर्थम् आवश्यकम्?,विस्तरेण गुणक्रिया वर्णनात् चिकित्सकस्य किम् लाभः स्यात्?,तेषां गुणाः क्रियाश्च विस्तरेण वर्ण्यन्ते।,तेषां गुणानि च क्रियाः।,तत्रैव तस्य औषधस्य लाभः सुरक्षा च निर्धीयते।,"तेन औषधस्य यथोचितं चयनं मात्रा च निर्धीयते, यत् उपचारस्य प्रभावं वर्धयति।",
"
रसनार्थो रसस्तस्य द्रव्यमापः क्षितिस्तथा |
निर्वृत्तौ च विशेषे च प्रत्ययाः खादयस्त्रयः ||६४||

","Rasa is the object of rasana (gustatory sense organ). Its material substances are ap and prthivi. In manifestation and differentiation of rasa, the other three akasa etc. (akasa, vayu and tejas) are causative factors. [64]",Which sense organ perceives rasa?,What material elements constitute rasa?,Which three subtle elements act as causative factors in the manifestation of rasa?,How do the three subtle elements influence the differentiation of rasa?,"Rasa is perceived by the gustatory sense organ, known as rasana.",Rasa is composed of the elements ap (water) and prithvi (earth).,"Akasha (space), Vayu (air), and Tejas (fire) serve as causative factors for rasa.",They cause the specific qualities and distinctions to arise within rasa.,रस किस इन्द्रिया द्वारा अनुभूत होता है?,रस के मूल पदार्थ कौन‑से हैं?,रस के प्रकट होने में कौन‑से तीन सूक्ष्म तत्व कारण बनते हैं?,ये तीन सूक्ष्म तत्व रस के विभेदन में कैसे योगदान देते हैं?,"रस को घ्राण (स्वाद) इन्द्रिया, अर्थात् रसना द्वारा महसूस किया जाता है।",रस के मूल तत्व जल (आप) और पृथ्वी हैं।,"आकाश, वायु और तेज़ (अग्नि) कारणात्मक तत्व हैं।",वे रस की विशिष्ट गुणधर्मों और भेदों को उत्पन्न करने में कारण बनते हैं।,कः इन्द्रियः रसस्य अनुभावनां करोति?,रसस्य मूलद्रव्ये कौ?,रसस्य प्रकाशे काः त्रयः कारणात्मकाः?,एते कारणात्मकाः कस्मात् प्रकारेण रसस्य विविधत्वं निर्माति?,रसना इन्द्रियः रसस्य अनुभावनां करोति।,आप् इति जलद्रव्यं च पृथिवी इति स्थलीयद्रव्यं रसस्य मूलद्रव्ये वर्तते।,"आकाशः, वायुः, तेजः इति त्रयः कारणात्मकाः भवन्ति।",एतेन त्रयैः रसस्य विशेषगुणाः उत्पद्यन्ते च तस्य विविधत्वम् आरभ्यते।,
स्वादुरम्लोऽथ लवणः कटुकस्तिक्त एव च । कषायश्चेति षट्कोऽयं रसानां संग्रहः स्मृतः ।। ६५।।,"Sweet, sour, saline, pungent, bitter and asSUngent-this is the group of six raSU (tastes). [65]",What are the six primary categories of taste recognized in traditional Indian classification?,Which taste corresponds to the Sanskrit term 'katu'?,"In the six-taste system, which taste is identified by the characteristic of sourness?",How many distinct tastes are grouped together in this classification?,"The six tastes are sweet, sour, salty (saline), pungent, bitter, and astringent.",The taste described by the term 'katu' is pungent.,Sourness corresponds to the sour taste in the six-taste system.,There are six distinct tastes in this grouping.,परम्परागत भारतीय वर्गीकरण में किन छह प्रमुख स्वादों को शामिल किया जाता है?,संतुष्ट शब्द 'कटु' किस स्वाद को दर्शाता है?,छह स्वादों में से खट्टे स्वाद को किस नाम से जाना जाता है?,इस वर्गीकरण में कुल कितने अलग-अलग स्वाद सम्मिलित हैं?,"इनमें मीठा, खट्टा, नमकीन, कड़वा, कषाय और तिक्त ये छह स्वाद शामिल हैं।",कटु शब्द कड़वे (पुंझक) स्वाद को दर्शाता है।,खट्टे स्वाद को 'अम्ल' कहा जाता है।,इस समूह में कुल छह विभिन्न स्वाद हैं।,परम्परागत भारतीय वर्गीकरणे षड्विषयः किम्?,संतुष्ट शब्दः कटकः कस्य रसानः संकेतः?,षड्विषयोः कः अम्लस्य लक्षणम्?,अस्य संग्रहे कियत् विभिन्नाः रसाः सम्मिलिताः?,"षड्विषयः मधुरः, अम्लः, लवणः, कटु, कषायः, तिक्तः इति सन्ति।",कटु इत्येतद् रसनम् कड्व (पुंझक) इति सूच्यते।,अम्ल इत्यस्य लक्षणम् खट्टः रसं अस्ति।,अस्मिन् समूहः षड् विभिन्नाः रसाः सम्मिलिताः।,
"स्वाद्वम्ललवणा वायुं, कषायस्वादुतिक्तकाः |
जयन्ति पित्तं, श्लेष्माणं कषायकटुतिक्तकाः ||६६||
(कट्वम्ललवणाः पित्तं, स्वाद्वम्ललवणाः कफम् |
कटुतिक्तकषायाश्च कोपयन्ति समीरणम् [१४] ||१||)|
","(Among these taste) sweet, sour and saline overcome vayu; asSUngent, sweet and bitter subdue pitta and asSUngent, pungent and bitter win over kapha. [66]",Which tastes are said to overcome Vata?,Which tastes subdue Pitta?,Which tastes are said to win over Kapha?,How are the tastes categorized in relation to the three bodily humors?,"Sweet, sour, and saline tastes overcome Vata.","Astringent, sweet, and bitter tastes subdue Pitta.","Astringent, pungent, and bitter tastes win over Kapha.","The tastes are grouped so that sweet, sour, and saline act on Vata; astringent, sweet, and bitter act on Pitta; and astringent, pungent, and bitter act on Kapha.",कौन से स्वाद वायु को शांत करते हैं?,पित्त को कौन से स्वाद शांत करते हैं?,कफ को कौन से स्वाद जीतते हैं?,तीन दोषों के अनुसार स्वादों का वर्गीकरण कैसे किया गया है?,"मीठा, खट्टा और लवणीय (नमकीन) स्वाद वायु को शांत करते हैं।","कषाय (कड़वा), मीठा और कड़वा स्वाद पित्त को शांत करते हैं।","कषाय, कटु और कड़वा स्वाद कफ को जीतते हैं।","वायु के लिए मीठा, खट्टा, लवण; पित्त के लिए कषाय, मीठा, कड़वा; कफ के लिए कषाय, कटु, कड़वा निर्धारित किए गये हैं।",कस्य स्वादाः वायुं पराजयन्ति?,पित्तं किनैः स्वादैः शान्त्यति?,कफं किनैः स्वादैः जिज्ञास्यते?,त्रिदोषानां अनुसारं स्वादानां वर्गीकरणं किम्?,"मधुरः, आम्लः, लवणः च वायुं पराजयन्ति।","कषायः, मधुरः, कड्वः पित्तं शान्त्यन्ति।","कषायः, कटु, कड्वः कफं जिज्ञास्यते।","वायोः मधुरः, आम्लः, लवणः; पित्तस्य कषायः, मधुरः, कड्वः; कफस्य कषायः, कटु, कड्वः इति वर्गीकृताः।",
"किञ्चिद्दोषप्रशमनं किञ्चिद्धातुप्रदूषणम् |
स्वस्थवृत्तौ मतं किञ्चित्त्रिविधं द्रव्यमुच्यते ||६७||

","Drug is a three types—(1) some (drug) is pacifier of dosas, (2) Some (drug) vitiates dhatus and (3) some is taken as (responsible for) maintaining normal health. [67]",What are the three functional categories used to classify a drug?,Which category of drug is intended to calm or pacify the doshas?,What is the effect of a drug that belongs to the second category mentioned?,For what purpose is a drug from the third category administered?,"A drug can be classified as (i) a pacifier of doshas, (ii) a vitiator of dhatus, or (iii) a promoter of normal health.","The first category, the pacifier of doshas, is intended to calm the doshas.",A drug that vitiates dhatus harms or impairs the bodily tissues (dhatus).,A drug from the third category is taken to maintain or support normal health.,एक औषधि को किन तीन प्रकारों में वर्गीकृत किया जाता है?,कौन सा प्रकार की औषधि दोषों को शांत करने के लिए उपयोगी होती है?,धातु को वृष्ट करने वाली औषधि का क्या प्रभाव होता है?,सामान्य स्वास्थ्य को बनाए रखने के लिये कौन सी औषधि ली जाती है?,"औषधि को (i) दोष‑शामक, (ii) धातु‑वृष्टकर्ता, और (iii) स्वास्थ्य‑संरक्षक के रूप में वर्गीकृत किया जाता है।","पहला प्रकार, अर्थात् दोष‑शामक औषधि, दोषों को शांत करने के लिये प्रयुक्त होती है।",धातु‑वृष्टकर्ता औषधि धातुओं को क्षति या विकृति पहुँचाती है।,स्वास्थ्य‑संरक्षक औषधि सामान्य स्वास्थ्य को बनाए रखने या उसे सुदृढ़ करने के लिये ली जाती है।,औषधिं कः त्रिषु वर्गेभ्यः विभज्यते?,दोषशान्तये कस्य वर्गस्य औषधिः उपयुज्यते?,धातुवृष्टिकारिणी औषधेः परिणामः कः?,सामान्यस्वास्थ्यरक्षणाय कस्य वर्गस्य औषधिः स्वीक्रिया भवति?,"औषधिं (i) दोषशान्तकारिणी, (ii) धातुवृष्टिकारिणी, (iii) सामान्यस्वास्थ्यरक्षणकारिणी इत्यत्रैव वर्गीकुर्यः।",दोषशान्तकारिणी वर्गस्य औषधिः दोषान् प्रशमयति।,धातुवृष्टिकारिणी औषधेः धातून् क्षीणयति वा विकारयति।,सामान्यस्वास्थ्यरक्षणकारिणी वर्गस्य औषधिं स्वास्थ्यम् अनुकूलं कर्तुं गृह्यते।,
"तत् पुनस्त्रिविधं प्रोक्तं जङ्गमौद्भिदपार्थिवम् [१५] |
मधूनि गोरसाः पित्तं वसा मज्जाऽसृगामिषम् ||६८||
विण्मूत्रचर्मरेतोऽस्थिस्नायुशृङ्गनखाः खुराः |
जङ्गमेभ्यः प्रयुज्यन्ते केशा लोमानि रोचनाः ||६९||
सुवर्णं समलाः पञ्च लोहाः ससिकताः सुधा |
मनःशिलाले मणयो लवणं गैरिकाञ्जने ||७०||
भौममौषधमुद्दिष्टमौद्भिदं तु चतुर्विधम् |
वनस्पतिस्तथा वीरुद्वानस्पत्यस्तथौषधिः ||७१||
फलैर्वनस्पतिः पुष्पैर्वानस्पत्यः फलैरपि |
ओषध्यः फलपाकान्ताः प्रतानैर्वीरुधः स्मृताः ||७२||
मूलत्वक्सारनिर्यासनाल(ड)स्वरसपल्लवाः |
क्षाराः क्षीरं फलं पुष्पं भस्म तैलानि कण्टकाः ||७३||
पत्राणि शुङ्गाः कन्दाश्च प्ररोहाश्चौद्भिदो गणः |७४|

","That (drug) is again said as of three types (according to source)—(1) of animal origin, (2) of  plant origin and (3) of earth origin. Honey, milk and its products, bile, muscle fat, marrow, blood, flesh, faeces, urine, skin, semen, bone, ligament, horn, nail, hoof, hairs including smaller ones, bile concretions are used from animal sources. Gold, five lohas (silver, copper, iron, lead and tin) alongwith their excreta, silica, calcites, realgar, orpiment, gems, salt, ochre, galena—this is the group of the drugs obtained from earth. The drugs of vegetable origin are of four types, (1) vanaspati, (2) virudh, (3) vanaspatya and (4) osadhi. Vanaspati is known by fruits, vanaspatya by both flowers and fruits, osadhi perish after fruiting and ripening and virudh is known by diffuseness. The group of vegetable parts (used) is root, bark, heartwood, secretions, stalk, expressed juice, tender leaves, alkali, latex, fruit, flower, ash, oil, thorn, leaves, leaf-buds, tubers and sprouts. [68-73]",What are the three primary categories of medicinal substances based on their origin?,Give three examples of animal-derived substances that are employed as medicines.,Which metals and earth-derived materials are included among the mineral-based medicinal substances?,How are the four types of plant-based medicines classified and what distinguishes each type?,"The substances are classified as animal origin, plant origin, and earth (mineral) origin.","Examples include honey, milk (and its products), and bile.","They include gold, the five lohas—silver, copper, iron, lead, and tin—along with silica, calcite, realgar, orpiment, gems, salt, ochre, and galena.","The four types are vanaspati (derived from fruits), virudh (identified by diffuseness), vanaspatya (from both flowers and fruits), and osadhi (which become ineffective after fruiting and ripening).",औषधियों को उनके मूल के आधार पर किन तीन प्रमुख वर्गों में विभाजित किया जाता है?,"जानवरों से प्राप्त किन तीन पदार्थों को औषधियों के रूप में प्रयोग किया जाता है, उदाहरण दें।",खनिज-आधारित औषधियों में कौन-कौन से धातु और पृथ्वी से प्राप्त पदार्थ शामिल हैं?,पौधे से प्राप्त चार प्रकार की औषधियों को कैसे वर्गीकृत किया गया है और प्रत्येक प्रकार की विशेषता क्या है?,"औषधियों को पशु मूल, वनस्पति मूल और पृथ्वी (खनिज) मूल के रूप में वर्गीकृत किया गया है।","उदाहरण के तौर पर शहद, दूध (और उसके उत्पाद) तथा पित्त को लिया जा सकता है।","इनमें सोना, पाँच लोहे (रूपा, तांबा, लोहे, सीसा और टिन) तथा सिलिका, कैल्साइट, रियलगार, ओर्पिमेंट, रत्न, नमक, ओखर और गैलेना शामिल हैं।","ये चार प्रकार हैं: वनस्पति (केवल फल से), विरुध (विसरता द्वारा पहचाना जाता है), वनस्पतिया (फूल और फल दोनों से) और औषधि (फल लगने और पकने के बाद अप्रभावी हो जाती है)।",औषधीनाम् मूलभेदानुसारं कति प्रमुखाः वर्गाः सन्ति?,पशुजन्यं किम् त्रयो द्रव्याणि औषधिनामुपयोगेण दर्शितानि?,पृथिव्याप्राप्तं धातु‑सामग्र्यां कियत् धातवः तथा इतराणि पदार्थानि सूच्यन्ते?,वनस्पतीभ्यः चत्वारः प्रकाराः कस्य प्रकारेण वर्गीकर्तव्योऽन्ये च तेषां विशेषणानि किम्?,"तत्र त्रीणि मुख्यवर्गाणि सन्ति—पशुजाः, वनस्पतिजाः, पृथिव्याप्राप्ताः।","उदाहरणानि सन्ति शहद्, दुग्धम् (तस्य च उत्पादनेभ्यः) तथा पित्तम्।","एतेषु सुवर्णम्, पञ्च लोहाः (रूप्यं, ताम्रं, आयरम्, सीसम्, टिनम्) च, सिलिका, कैल्साइट्, रियलगार्, ओर्पिमेंट्, रत्नानि, लवणम्, ओखरम्, गैलेना इत्यादि सम्मिलितानि।","तत्र चत्वारि प्रकाराणि सन्ति—वनस्पति (केवले फलात्), विरुध (विसरत्वेन), वनस्पतिया (फूलैः फलैः च) तथा औषधि (फलन्यायेन परम् अनुपयुक्ता)।",
मूलिन्यः षोडशैकोना फलिन्यो विंशतिः स्मृताः ।।७४।। महास्नेहाश्च चत्वारः पञ्चैव लवणानि च । अष्टौ मूत्राणि संख्यातान्यष्टावेव पयांसि च ।।७५।। शोधनार्थाश्च षड्‌ वृक्षाः पुनर्वसुनिदर्शिताः । य एतान्‌ वेत्ति संयोक्तुं विकारेषु स वेदवित्‌ ।।७६।।,"The plants having useful roots are sixteen, those with useful fruits are nineteen, mahasneha (greater fats) are four, salts are five, urines are enumerated as eight and so the milks, trees useful for evacuation are six as shown by Punarvasu. That who knows to administer them (properly) in disorders is (a real) knower of (Ayurveda). [74-76]",How many plants are noted for having useful roots?,What is the number of plants recognized for their useful fruits?,How many types of greater fats (mahasneha) are mentioned?,"How many trees are identified as useful for evacuation, and who indicated this?",Sixteen.,Nineteen.,Four.,"Six trees, as indicated by Punarvasu.",उपयोगी जड़ों वाले पौधों की संख्या कितनी है?,उपयोगी फल वाले पौधों की संख्या क्या है?,महा‑स्नेह (बड़े वस) कितने प्रकार के हैं?,शोधनार्थ उपयोगी छह वृक्ष कौन‑से हैं और इन्हें किसने दर्शाया?,सोलह।,उन्नीस।,चार।,"छह वृक्ष, पुनर्वसु ने दर्शाए।",मूलिन्यः षोडशैकोना कियत्?,फलिन्यः विंशतिः कियत्?,महास्नेहाश्च चत्वारः कियन्तः?,शोधनार्थ षड् वृक्षाः को दर्शितवन्ति?,षोडश (१६)।,उन्नविंशतिः (१९)।,चत्वारः (४)।,"षड् वृक्षाः, पुनर्वसुः दर्शितवान्।",
"हस्तिदन्ती हैमवती श्यामा त्रिवृदधोगुडा । सप्तला श्वेतनामा गवाक्ष्यपि ।७७।। ज्योतिष्मती च बिम्बी च शणपुष्पी विषाणिका । अजगन्धा द्रवन्ती च क्षीरिणी चात्र षोडशी ।।७८।। शणपुष्पी च बिम्बी च च्छर्दने हैमवत्यपि । श्वेता ज्योतिष्मती चैव योज्या शीर्षविरेचने ।।७९।। एकादशावशिष्टा याः प्रयोज्यास्ता विरेचने । इत्युक्ता नामकर्मभ्यां मूलिन्यः,","Sixteen plant drugs having useful roots are hastidanti, haimavati, syama, trivrt, adhoguda, saptala, Swetanama, danti, gavaksi, jyotismati, bimbi, Sanapuspi, visanika, ajagandha, dravanti and ksirini. Sanapuspi, bimbi and haimavati are used for emesis, Sweta and jyotismati are useful for head-evacuation. The remaining eleven are useful for purgation. Thus the plant drugs having useful roots are mentioned with name and action. [77-79]",Which of the sixteen plant drugs listed are indicated for inducing emesis?,Which plant drugs are employed for head evacuation?,How many of the plant drugs mentioned are used for purgation?,Name three plant drugs from the list whose roots are considered useful.,"Sanapuspi, Bimbi, and Haimavati are used for emesis.",Sweta and Jyotismati are useful for head evacuation.,Eleven of the sixteen plant drugs are used for purgation.,"Examples include Hastidanti, Syama, and Dravanti, whose roots are useful.",कौन से पौधे के औषधि उल्टी (वमन) के लिये उपयोगी हैं?,कौन-सी औषधियां सिर की सफ़ाई (सिर-निर्मुक्ति) के लिये उपयोगी हैं?,कुल कितनी औषधियां शुद्धि (पर्गेशन) के लिये उपयोग की जाती हैं?,उपयोगी जड़ वाली तीन औषधियों के नाम बताइए।,"शणपुष्पी, बिंबी और हैमवती वमन में प्रयुक्त होते हैं।",श्वेता और ज्योतिष्मती सिर की सफ़ाई में लाभकारी हैं।,शेष ग्यारह औषधियां पर्गेशन हेतु प्रयुक्त होती हैं।,"हस्तिदंती, श्याम, तथा द्रवंटी इनकी जड़ें उपयोगी हैं।",कियत् औषधीनां वमनाय प्रयुज्यते?,शीर्षनिर्वरणे कियत् औषधीनां उपयोगः?,शुद्धिकार्ये कियत् औषधीनां कार्यम्?,उपयोगी जडैः त्रयोः औषधीनां नाम किम्?,"शणपुष्पी, बिब्बी, हैमवती वमनाय उपयोगीः।",श्वेता तथा ज्योतिष्मती शीर्षनिर्वरणे प्रयुज्यते।,शेषैकादश औषधीनां शुद्धिकार्ये उपयोगः।,"हस्तिदन्ती, श्यामा, द्रवण्ति इत्येते जडैः उपयोगीः।",
"शङ्खिन्यथ विडङ्गानि त्रपुषं मदनानि च |
धामार्गवमथेक्ष्वाकु जीमूतं कृतवेधनम् |
आनूपं स्थलजं चैव क्लीतकं द्विविधं स्मृतम् ||८१||
प्रकीर्या चोदकीर्या च प्रत्यक्पुष्पा तथाऽभया |
अन्तःकोटरपुष्पी च हस्तिपर्ण्याश्च [१६] शारदम् ||८२||
कम्पिल्लकारग्वधयोः फलं यत् कुटजस्य च |
धामार्गवमथेक्ष्वाकु जीमूतं कृतवेधनम् ||८३||
मदनं कुटजं चैव त्रपुषं हस्तिपर्णिनी |
एतानि वमने चैव योज्यान्यास्थापनेषु च ||८४||
नस्तः प्रच्छर्दने चैव प्रत्यक्पुष्पा विधीयते |
दश यान्यवशिष्टानि तान्युक्तानि विरेचने ||८५||
नामकर्मभिरुक्तानि फलान्येकोनविंशतिः |८६|","Now listen about the plant drugs having useful fruits. They are—Sankhini, vidanga, trapusa, madana, dhamargava, iksvaku, jimuta, krtavedhana. Two types of klitakaaquatic and terrestial, prakirya, udakirya, apamarga, haritaki, antahkotarapuspi, autumnal fruit of hastiparni, fruits of kampillaka, aragvadha and kutaja. Dhamaragava, iksvaku, jimuta, krtavedhana, madana, kutaja, trapusa and hastiparni-these may be used for emesis and asthapana basti (non-unctuous enemata). Apamarga is prescribed for nasal evacuation. The remaining ten are used for purgation. Thus nineteen fruits (plant drugs having useful fruits) are described with names and actions. [80-85]",Which plant fruits are indicated for inducing vomiting and for asthapana basti (non‑unctuous enemata)?,What is the therapeutic use of apamarga among the listed plant fruits?,"How many plant fruits are described in total, and how many of them are used for purgation?",Into which two habitat categories are these fruits divided?,"Dhamargava, iksvaku, jimuta, krtavedhana, madana, kutaja, trapusa, and hastiparni are used for emesis and asthapana basti.",Apamarga is prescribed for nasal evacuation.,Nineteen fruits are described; ten of them are used for purgation.,They are divided into aquatic (klita) and terrestrial types.,कौन‑से फल उल्टी करने और अष्टापान बस्ती (नॉन‑उन्क्टुअस एनेमा) के लिये उपयोग किए जाते हैं?,उपरोक्त फलों में अपामरग का विशेष चिकित्सीय प्रयोग क्या है?,कुल मिलाकर कितने फल वर्णित हैं और उनमें से कितने शुद्धि (पर्गेशन) के लिये प्रयोग होते हैं?,इन फलों को दो प्रकार के आवास में विभाजित किया गया है; वे कौन‑से हैं?,"धामरगव, इक्ष्वाकु, जिमूत, कृतवेधन, मदन, कुटज, त्रपुश और हस्तिपर्णी उल्टी और अष्टापान बस्ती के लिये प्रयोग होते हैं।",इसे नासिका निकासी (नासिकीय शोधन) के लिये दिया जाता है।,कुल उन्नीस फल वर्णित हैं; उनमें से दस शुद्धि के लिये प्रयुक्त होते हैं।,इन्हें जलज (क्लित) और स्थलीय (भौतिक) प्रकार में विभाजित किया गया है।,कस्याः फलं उल्त्यर्थे च अष्टापान बस्तौ (नॉन‑उन्क्टुअस् एनेमा) प्रयुज्यते?,एषु फलेषु अपामर्गस्य विशेषः चिकित्सायाः कायः?,"कुलमत्र फलं कियत् वर्णितम्, तत्र कियत् शुद्ध्यर्थे (पर्गेशन) प्रयुज्यन्ते?",एतानि फलानि कत्रिचित् आवासे विभज्यन्ति? तत्र कोः द्वौ वर्गः?,"धामार्गव, इक्ष्वाकु, जिमूत, कृतवेधन, मदन, कुटज, त्रपुश तथा हस्तिपर्णी उल्त्यर्थे च अष्टापान बस्तौ प्रयुज्यन्ते।",अपामर्गं नासिकायाः निष्क्रमणाय प्रयुज्यते।,उन्नविंशत् फलं वर्णितानि; तत्र दश फलं शुद्ध्यर्थे प्रयुज्यन्ते।,एतानि जलज (क्लित) च स्थलीय (भौतिक) च वर्गयोः विभज्यन्ते।,
"सर्पिस्तैलं वसा मज्जा स्नेहो दिष्टश्चतुर्विधः [१७] ||८६||
पानाभ्यञ्जनबस्त्यर्थं नस्यार्थं चैव योगतः |
स्नेहना जीवना वर्ण्या बलोपचयवर्धनाः ||८७||
स्नेहा ह्येते च विहिता वातपित्तकफापहाः ||८८||
","Fat is said as of four types—ghee, oil, muscle-fat and marrow. They are used respectively for intake, massage, enemata and snuff. These fats are mentioned as promoting unctuousness, vitality, complexion, strength and development and alleviating vata, pitta and kapha. [86-87]",What are the four types of fat recognized in the Ayurvedic system?,Which type of fat is traditionally used for internal consumption?,Which type of fat is commonly applied in massage therapy?,How do these fats affect the three bodily humors (doshas) in Ayurvedic practice?,"The four types are ghee, oil, muscle fat, and marrow.",Ghee is used for intake as a dietary fat.,Oil is employed for massage applications.,"They help pacify or remove vata, pitta, and kapha.",आयुर्वेद में मान्यता प्राप्त चार प्रकार की वसा कौन‑कौन सी हैं?,इन वसाओं में से कौन सी वसा का उपयोग आहार के रूप में किया जाता है?,मसाज के लिये किस प्रकार की वसा का प्रयोग किया जाता है?,"ये वसायुक्त पदार्थ तीनों दोषों (वात, पित्त, कफ) पर कैसे प्रभाव डालते हैं?","घी, तेल, मांसपेशी वसा और सर्पि (हड्डी का मैरो) चार प्रकार की वसा हैं।",घी को आहार के लिये उपयोग किया जाता है।,तेल को मालिश में उपयोग किया जाता है।,"वे वात, पित्त और कफ को शमन या निरोधन करते हैं।",कस्य चार प्रकाराः वसाः आयुर्वेदे प्रतिपादिताः?,एतेषु वसासु कस्य उपयोगः आहारस्यान्तरिते?,कस्य वसाया उपयोगः मालिशाय उपयुक्तः?,एते वसाः वातपित्तकफ दोषान् कथं निरोद्धुं समर्थाः?,"घी, तैल, मांसवसा, सर्पिस्तैलः इति चत्वारि प्रकाराः वसाः।",घी आहारस्य उपयोगः कर्तुं प्रयुज्यते।,तैलं मालिशाय प्रयुज्यते।,"ते वातम्, पित्तम्, कफम् च शमनं कुर्वन्ति।",
"
सौवर्चलं सैन्धवं च विडमौद्भिदमेव च ||८८||
सामुद्रेण सहैतानि पञ्च स्युर्लवणानि च |
स्निग्धान्युष्णानि तीक्ष्णानि दीपनीयतमानि [१८] च ||८९||
आलेपनार्थे युज्यन्ते स्नेहस्वेदविधौ तथा |
अधोभागोर्ध्वभागेषु निरूहेष्वनुवासने ||९०||
अभ्यञ्जने भोजनार्थे शिरसश्च विरेचने |
शस्त्रकर्मणि वर्त्यर्थमञ्जनोत्सादनेषु च ||९१||
अजीर्णानाहयोर्वाते गुल्मे शूले तथोदरे |
उक्तानि लवणा(नि)... ||९२||","Sauvarcala (obtained from plants like suvarcala etc.) saindhava (rock salt), vida (obtained from excreta), audbhida (obtained from earth) alongwith samudra (obtained from sea water) are the five salts. They are unctuous, hot, sharp, best promoters of agni (appetic and digestion) and are used in paste, oleation, fomentation, purgative, emetic, non-unctuous and unctuous enema, massage, food, errhine, surgical measures, suppositories, collyriums and anointings for indigestion, anaha, vata, gulma, Sula and udara. Thus are described the salts. [88-91]",What are the five salts referred to in the description?,Which three qualities are attributed to these salts that enhance the fire (agni) in the body?,Name three therapeutic forms or procedures in which these salts are employed.,For which two common digestive or bodily disorders are these salts specifically used?,"The five salts are sauvarcala, saindhava (rock salt), vida, audbhida, and samudra (sea water).","They are described as unctuous, hot, and sharp, making them the best promoters of agni.","They are used in paste, oleation, and as purgatives or emetics, as well as in both non‑unctuous and unctuous enemas.","They are applied in the treatment of indigestion and vata, among other conditions.",वर्णित पाँच लवण कौन‑कौन से हैं?,इन लवणों की कौन‑सी तीन विशेषताएँ उन्हें अग्नि को उत्तेजित करने में प्रभावी बनाती हैं?,"इन लवणों को किस‑किस रूप में चिकित्सीय प्रयोजनों के लिये उपयोग किया जाता है, तीन उदाहरण दें।",इन लवणों का प्रयोग किन दो सामान्य पाचन या शरीर संबंधी विकारों में किया जाता है?,"इन पाँच लवणों में सौवर्चला, सैन्धव (पत्थर का नमक), विदा, औद्भिद और समुद्र (समुद्रजल) शामिल हैं।","वे अस्थिर, उष्ण और तीक्ष्ण होते हैं, जिससे वे अग्नि को उत्तेजित करने में श्रेष्ठ होते हैं।","इन्हें पेस्ट, तेलाई (ओलेशन) तथा अपक्षार‑उत्तेजक (पर्गेटिव/एमेटिक) के रूप में, साथ ही गैर‑तेलाई और तेलाई दोनों प्रकार के एनिमा में उपयोग किया जाता है।",इनका प्रयोग पाचन दोष (अजीर्ण) और वात में विशेष रूप से किया जाता है।,पञ्च लवणानि कियत् सन्ति?,किंभवतीनाम् लक्षणैः एतानि लवणानि अग्निनः उत्तेजकत्वं लभन्ते?,"एतानि लवणानि कस्य कस्य रूपेण चिकित्सायां प्रयुज्यन्ते, त्रयाणि उदाहरणानि दत्तुं यत्?",एतानां लवणानां प्रयोगेण कुतः कुतः द्वौ सामान्ये रोगौ निवार्येभ्यः सन्ति?,"पञ्च लवणानि सौवर्चलं, सैन्धवम् (शैललवणम्), विदा, औद्भिद तथा समुद्रम् इति भवन्ति।","ते अस्थिरा:, उष्णा: च, तीक्ष्णा: च सन्ति, येषु गुणैः अग्निं श्रेष्ठं प्रमोटुं शक्यते।","ते पेस्टे, तेलायने, अपक्षारे च, तथा अनीष्णेन च इण्यमेने च चिकित्सायां प्रयुज्यन्ते।",एतेषु लवणेषु अजीर्णस्य (पाचनदोषस्य) च वातस्य च उपचारस्य कार्यं भवति।,
"न्यू(ऊ)र्ध्वं मूत्राण्यष्टौ निबोध मे ||९२||
मुख्यानि यानि दिष्टानि [१९] सर्वाण्यात्रेयशासने |
अविमूत्रमजामूत्रं गोमूत्रं माहिषं च यत् [२०] ||९३||
हस्तिमूत्रमथोष्ट्रस्य हयस्य च खरस्य च |
उष्णं तीक्ष्णमथोऽरूक्षं [२१] कटुकं लवणान्वितम् ||९४||
मूत्रमुत्सादने युक्तं युक्तमालेपनेषु च |
युक्तमास्थापने मूत्रं युक्तं चापि विरेचने ||९५||
स्वेदेष्वपि च तद्युक्तमानाहेष्वगदेषु च |
उदरेष्वथ चार्शःसु गुल्मिकुष्ठिकिलासिषु [२२] ||९६||
तद्युक्तमुपनाहेषु परिषेके तथैव च |
दीपनीयं विषघ्नं च क्रिमिघ्नं चोपदिश्यते ||९७||
पाण्डुरोगोपसृष्टानामुत्तमं शर्म [२३] चोच्यते |
श्लेष्माणं शमयेत् पीतं मारुतं चानुलोमयेत् ||९८||
कर्षेत् पित्तमधोभागमित्यस्मिन् गुणसङ्ग्रहः |
सामान्येन मयोक्तस्तु पृथक्त्वेन प्रवक्ष्यते ||९९||
अविमूत्रं सतिक्तं स्यात् स्निग्धं पित्ताविरोधि च |
आजं कषायमधुरं पथ्यं दोषान्निहन्ति च ||१००||
गव्यं समधुरं किञ्चिद्दोषघ्नं क्रिमिकुष्ठनुत् |
कण्डूं च शमयेत् पीतं सम्यग्दोषोदरे हितम् ||१०१||
अर्शःशोफोदरघ्नं तु सक्षारं माहिषं सरम् |
हास्तिकं लवणं मूत्रं हितं तु क्रिमिकुष्ठिनाम् ||१०२||
प्रशस्तं बद्धविण्मूत्रविषश्लेष्मामयार्शसाम् |
सतिक्तं श्वासकासघ्नमर्शोघ्नं चौष्ट्रमुच्यते ||१०३||
वाजिनां तिक्तकटुकं कुष्ठव्रणविषापहम् |
खरमूत्रमपस्मारोन्मादग्रहविनाशनम् ||१०४||
इतीहोक्तानि मूत्राणि यथासामर्थ्ययोगतः ||१०५||","Further listen about the eight urines which are mentioned as prominent ones in our scripture of Ātreya. They are :- urines of sheep, goat, cow, buffalow, elephant, camel, horse and ass. In general, urine is sharp, slightly non-unctuous, pungent-saline (in properties) and is useful in annointing, pasting, non-unctuous enema, purgatives, fomentations, for ānāha, poisoning (in agadas), udara, arśa, gulma, kuṣṭha and kilāsa and also in unguents and sprinkling. This is also promoting appetite and digestion, antipoison and antihelminitic and most beneficial for those afflicted with pāṇḍuroga. It pacifies kapha, carminates vāta and draws pitta with purgation. This is the general description of its properties mentioned by me, now they will be described separately.

Sheep urine is slightly bitter, unctuous and non-antagonist of pitta; goat urine is asSUngent-sweet, beneficial (for channels) and alleviates (all) doṣas; cow urine is slightly sweet, somewhat alleviates doṣas, destroys krimi and kuṣṭha, removes itchings and, taken internally, is beneficial in udara caused by SUdosa. Buffalow urine is slightly alkaline, laxative and alleviates piles, śopha and udara. Elephant urine is salty, beneficial for patients of krimi and kuṣṭha and commended for retention of urine and faeces, poisons, disorders of kapha and piles. Camel urine is slightly bitter, destroyer of dyspnoea, cough and piles. Horse urine is bitter-pungent and destroyer of kuṣṭha, wounds and poisons. Ass urine is destroyer of epilepsy, insanity and grahas (seizures). Thus urines are described here according to potency and application. [92–104]","Which animal's urine is described as slightly bitter, unctuous and not antagonistic to pitta?",What are the general properties of urine and its therapeutic uses?,"Which animal's urine is noted as slightly alkaline, laxative and helpful for piles, shopha and stomach disorders?","Which urine is said to destroy epilepsy, insanity and grahas (seizures)?","Sheep urine is slightly bitter, unctuous and does not antagonize pitta.","Urine is sharp, slightly non‑unctuous, pungent‑saline and is used for anointing, pasting, non‑unctuous enemas, purgatives, fomentations, internal administration, antidotes, and treatment of stomach, arsha, gulma, skin diseases and wounds.","Buffalo urine is slightly alkaline, acts as a laxative and is beneficial for piles, shopha and stomach disorders.","Ass (donkey) urine is described as destroying epilepsy, insanity and grahas.",भेड़ के मूत्र को किस प्रकार का वर्णन किया गया है?,मूत्र के सामान्य गुण और इसके चिकित्सीय उपयोग क्या हैं?,"कौन से पशु का मूत्र हल्का क्षारीय, कषायक और बवासीर, शोफ़ा तथा उदर रोगों में सहायक है?","किस मूत्र को मिर्गी, पागलपन और ग्रह (आक्रमण) को नष्ट करने वाला कहा गया है?","भेड़ का मूत्र किंचित कड़वा, चूर्णीय और पित्त के प्रतिप्रभावी नहीं है।","मूत्र तेज, थोड़ा अपरिचूर्ण, तीखा‑नमकीन होता है और इसका प्रयोग अन्नोवन, लेप, अपरिचूर्ण इनेमा, अभिसार, धूप, आन्तरिक सेवन, विष‑निवारण तथा पेट, अर्श, गुल्म, कष्ट और घावों के उपचार में किया जाता है।","भैंस (बफ़ेलो) का मूत्र हल्का क्षारीय, कषायक है और बवासीर, शोफ़ा तथा उदर रोगों में सहायक है।","गधे के मूत्र को मिर्गी, पागलपन और ग्रह (आक्रमण) को नष्ट करने वाला कहा गया है।",भेड़स्य मूत्रस्य कः विशेषः वर्णितः?,मूत्रस्य सामान्याणि गुणाणि तथा चिकित्सीय उपयोगाः किम्?,"कस्य पशोः मूत्रं क्षारीयम्, कषायकः, बवासीरशोफउदररोगे च उपयोगी?","कस्य मूत्रं मिर्गी, उन्मादं च ग्रहाणि नश्यति इति उक्तम्?","सः किंचित् कषायः, सिक्तः, पित्तस्य विरोधी न।","मूत्रं तीक्ष्णं, किंचित् अनवस्थु, तीक्ष्ण‑नमकयुक्तम्, अन्नन्यस्य, लेपस्य, अनवस्थु इनेमा, अभिसार, धूप, आन्तरिकसेवन, विषनिवारणं च, उदर, अर्श, गुल्म, कष्ट‑शोधनाय च प्रयुज्यते।","भैंस्य मूत्रम् क्षारीयम्, कषायकं, बवासीरशोफउदररोगे च उपयोगी अस्ति।","अस्यस्य (गधस्य) मूत्रम् मिर्गी, उन्मादं च ग्रहाणि नश्यति इति उल्लेखितम्।",
"अतः [२४] क्षीराणि वक्ष्यन्ते कर्म चैषां गुणाश्च ये ||१०५||
अविक्षीरमजाक्षीरं गोक्षीरं माहिषं च यत् |
उष्ट्रीणामथ नागीनां वडवायाः स्त्रियास्तथा ||१०६||
प्रायशो मधुरं स्निग्धं शीतं स्तन्यं पयो मतम् |
प्रीणनं बृंहणं वृष्यं मेध्यं बल्यं मनस्करम् ||१०७||
जीवनीयं श्रमहरं श्वासकासनिबर्हणम् |
हन्ति शोणितपित्तं च सन्धानं विहतस्य च ||१०८||
सर्वप्राणभृतां सात्म्यं शमनं शोधनं तथा |
तृष्णाघ्नं दीपनीयं च श्रेष्ठं क्षीणक्षतेषु च ||१०९||
पाण्डुरोगेऽम्लपित्ते च शोषे गुल्मे तथोदरे |
अतीसारे ज्वरे दाहे श्वयथौ च विशेषतः [२५] ||११०||
योनिशुक्रप्रदोषेषु मूत्रेष्वप्रचुरेषु च |
पुरीषे ग्रथिते पथ्यं वातपित्तविकारिणाम् ||१११||
नस्यालेपावगाहेषु वमनास्थापनेषु [२६] च |
विरेचने स्नेहने च पयः सर्वत्र युज्यते ||११२||
यथाक्रमं क्षीरगुणानेकैकस्य पृथक् पृथक् |
अन्नपानादिकेऽध्याये भूयो वक्ष्याम्यशेषतः ||११३|","Now milks will be described and also their properties and actions. The milks are of sheep, she-goat, cow, she-buffalo, she-camel, she-elephant, mare and women, In general, milk is sweet, unctuous, cold, galactogogue, refreshing, promotes body weight, semen, intellects strength and mental ability, is vitaliser, fatigue-alleviating, destroyer of dyspnoea, cough and innate haemorrhage; union-promoting in injuries, whole-some for all living beings, pacifier (of dosas), eliminator (of malas), destroyer of thirst and appetiser. This is the most useful in ksina (weakness), ksata (injuries), anaemia, gasSUtis, emacaiton, gaseous tumor, abdominal enlargement, diarrhoea, fever, burning sensation, oedema, specifically in disorders of female genital tract and semen, deficiency of urine, hardened stool and disorders of vata and pitta. Milk is everywhere used in snuffing, pasting, bathing, emesis, non-unctuous enema, purgation and unction. (I) will describe again the properties of individual milks separately in order in the chapter of food and drinks fully. [105-113]",Which types of milk are mentioned as sources in traditional Ayurvedic practice?,What are the primary taste and energetic qualities attributed to milk?,Name three therapeutic actions of milk concerning bodily functions and health.,In which medical conditions is milk considered especially beneficial?,"Milk from sheep, she-goat, cow, she-buffalo, she‑camel, she‑elephant, mare, and women.","Milk is described as sweet, unctuous (smoothing), and cold in nature.","Milk promotes body weight, enhances semen production, and strengthens intellect and mental capacity; it also relieves fatigue and eliminates thirst.","Milk is useful for weakness, injuries, anaemia, emaciation, diarrhoea, fever, burning sensations, oedema, female genital disorders, semen disorders, urine deficiency, hardened stool, and vata‑pitta imbalances.",आयुर्वेद में किस‑किस स्रोत से प्राप्त दूध का उल्लेख किया गया है?,दूध के प्रमुख रस और गुण कौन‑से बताए गए हैं?,शरीर में कौन‑से तीन मुख्य लाभ दूध प्रदान करता है?,किन रोगों या स्थितियों में दूध को विशेष रूप से उपयोगी माना जाता है?,"भेड़, बकरी, गाय, भैंस, ऊँट, हाथी, घोड़ी और स्त्री के स्तन से प्राप्त दूध।","दूध को मीठा, स्थिरी (स्नेहपूर्ण) और शीतल कहा गया है।","दूध शरीर का वज़न बढ़ाता है, शुक्ला उत्पादन को उत्तेजित करता है, तथा बुद्धि व मानसिक शक्ति को सुदृढ़ करता है; साथ ही थकान कम करता है और प्यास को नष्ट करता है।","कमजोरी, चोट, रक्ताल्पता, कुपोषण, दस्त, बुखार, जलन, सूजन, स्त्री रोग, शुक्ष्म रोग, पेशाब की कमी, कड़े मल, और वात‑पित्त के विकारों में दूध लाभकारी है।",कस्य कस्य जीविनां स्तनभ्यः विभिन्नं क्षीरं उल्लेखितम्?,क्षीरस्य मुख्यं रसः कः तथा तस्य गुणाः कः?,शरीरस्य कानि त्रयः मुख्यान् लाभान् क्षीरं ददाति?,किन रोगेषु क्षीरं अधिकं लाभकारी इति वर्णितम्?,"भेण्डस्य, बक्रीणः, गायस्य, भैष्यस्य, उष्ट्रस्य, हस्तिनः, अश्वस्य तथा स्त्रीणाम् स्तनभ्यः क्षीरम्।","क्षीरं मधुरम्, स्थिरी (स्निग्धम्), शीतलम् इति विशेषितम्।","क्षीरं शरीरवृद्धिं, शुकरजननम्, बौद्धिकशक्तिं च वर्द्धयति; च थकानां निवारणं पियासनाशं च करोति।","क्सिन (दुर्बलता), क्षत (चोट), रक्ताल्पता, कुपोषण, अतिसार, ज्वर, दाह, शोथ, स्त्रीजन्य रोग, शुक्रजन्य रोग, मूत्रस्य कमी, कष्टम्लानम्, वात‑पित्तस्य विकारे इत्यादिषु क्षीरं उपयोगी इति।",
अथापरे त्रयो वृक्षाः पृथग्ये फलमूलिभिः । स्नुह्यकश्मिन्तकास्तेषामिदं कर्म पृथक्‌ पृथक्‌ ।। ९९४।। वमनेऽश्मन्तकं विद्यात्‌ स्नुहीक्षीरं विरेचने । क्षीरमर्कस्य विज्ञेयं वमने सविरेचने ।। ९१५।।,"Now there are other three trees—snuhi, arka and asmantaka which are different from the plants of phalini and mulini groups. Asmantaka is known for emesis, latex of snuhi for purgation and that of arka for both emesis and purgation. [114-115]",Which of the three trees is specifically associated with inducing emesis?,What therapeutic effect is the latex of the snuhi tree used for?,Which tree's latex possesses both emetic and purgative properties?,"How are the trees snuhi, arka, and asmantaka distinguished from the plants of the phalini and mulini groups?",Asmantaka is the tree that is specifically known for inducing emesis.,The latex of the snuhi tree is used for purgation.,The latex of the arka tree has both emetic and purgative effects.,"Snhui, arka, and asmantaka are separate from the phalini and mulini groups of plants.",इन तीन पेड़ों में से कौन सा विशेष रूप से उल्टी उत्पन्न करने के लिये जाना जाता है?,स्नुही के रसायन (लेटेكس) का प्रमुख चिकित्सीय उपयोग क्या है?,किस पेड़ के रसायन में उल्टी तथा दस्त दोनों की क्षमता है?,"स्नुही, अर्क और अस्मंतक को फलिनी और मुलिनी समूह के पौधों से कैसे अलग किया जाता है?",असमंतक वह पेड़ है जो विशेष रूप से उल्टी (वमन) उत्पन्न करने के लिये ज्ञात है।,स्नुही के लेटेक्स का प्रमुख उपयोग दस्त (विसर्जन) के लिये किया जाता है।,अर्क के लेटेक्स में उल्टी और दस्त दोनों की क्षमता पाई जाती है।,"स्नुही, अर्क और अस्मंतक फलिनी और मुलिनी समूह के पौधों से अलग हैं।",त्रयो वृक्षेषु कस्य वृक्षस्य विशेषतया वमन-उत्प्रेरणं विद्यम्?,स्नुह्यस्य कस्य लस्स्यस्य मुख्यः चिकित्सीयः प्रयोजनः कः?,कस्य वृक्षस्य लस्स्ये वमनं च विसर्जनं च उभयोः गुणा अस्ति?,"स्नुह्य, अर्क, अस्मन्तक इत्येते वृक्षाः फलिनी म्युलिनी इत्ययोः समूहात् कथं पृथक् इव सन्ति?",असमन्तकस्य विशेषतया वमन-उत्प्रेरणं विद्यम्।,स्नुह्यस्य लस्स्यं मुख्यतः विसर्जनाय प्रयुज्यते।,अर्कस्य लस्स्ये वमनं च विसर्जनं च उभयम् अस्ति।,"स्नुह्य, अर्क, अस्मन्तक इत्येते वृक्षाः फलिनी म्युलिनी इत्ययोः समूहात् भिन्नाः सन्ति।",
"
इमांस्त्रीनपरान् वृक्षानाहुर्येषां हितास्त्वचः |
पूतीकः कृष्णगन्धा च तिल्वकश्च तथा तरुः ||११६||
विरेचने प्रयोक्तव्यः पूतीकस्तिल्वकस्तथा |
कृष्णगन्धा परीसर्पे शोथेष्वर्शःसु चोच्यते ||११७||
दद्रुविद्रधिगण्डेषु कुष्ठेष्वप्यलजीषु च |
षड्वृक्षाञ्छोधनानेतानपि विद्याद्विचक्षणः ||११८||
इत्युक्ताः फलमूलिन्यः स्नेहाश्च लवणानि च |
मूत्रं क्षीराणि वृक्षाश्च षड् [२७] ये दिष्टपयस्त्वचः ||११९||

","(They) also mentioned three other trees—pttika, krsnagandha and tilwaka tree the barks of which are beneficial. pttika and tilwaka are used for purgation, krsnagandha for parisarpa (erysipelas), oedema, piles, ringworm, abscess, glands, skin diseases and alaji. Scholar should also know about these evacuating six trees. Thus are described the fruity and rooty drugs, fats, salts, urines, milks, and six trees the latex and bark of which are indicated. [116-119]",Which three trees are noted for having beneficial barks?,For what therapeutic purpose are pttika and tilwaka specifically employed?,List the ailments that krsnagandha is indicated for.,"Besides the mentioned trees, what other categories of substances are described as important?","The trees are pttika, krsnagandha, and tilwaka.",They are used for purgation (evacuating the bowels).,"Krsnagandha is used for erysipelas (parisarpa), oedema, piles, ringworm, abscesses, glandular disorders, skin diseases, and alaji.","Fruity and root drugs, fats, salts, urine, milk, and the latex and bark of six trees are also highlighted.",कौन से तीन वृक्षों की छाल को लाभकारी बताया गया है?,प्ट्टिक और तिल्वक को किस उपचार के लिये विशेष रूप से उपयोग किया जाता है?,कृष्णगंधा किस-किस रोग में उपयोगी है?,उल्लेखित वृक्षों के अतिरिक्त किन अन्य पदार्थों को महत्वपूर्ण बताया गया है?,"प्ट्टिक, कृष्णगंधा और तिल्वक।",शौच या विसर्जन (पर्जन) के लिये।,"परिषरपा (एरिसिपेलस), सूजन, बवासीर, रिंगवॉर्म, फोड़े, ग्रंथियों की समस्याएँ, त्वचा रोग और अलाज़ी में।","फल और मूल औषधियाँ, वसा, लवण, मूत्र, दूध तथा छह वृक्षों की लेटेक्स और छाल।",कतम् त्रयः वृक्षाः येषां छिद्राणि हितकानि इति कथ्यते?,प्ट्टिकस्य तिल्वकस्य च प्रयोगः कस्य कर्तव्यम्?,कृष्णगन्धस्य उपयोगः किम्‑किम् रोगेभ्यः?,षड् वृक्षाणां छिद्रभ्यां इतराणि किम् पदार्थाः उल्लेखिताः?,"प्ट्टिकः, कृष्णगन्धः, तिल्वकः।",शौचविसर्जने (पर्जनाय)।,"परिषर्पे, शोथे, बवासीर, रिंगवोर्मे, फोड़े, ग्रन्थिसु रोगेभ्यः, त्वचा रोगेभ्यः, अलाज़ि च।","फलमूलिकाः औषधयः, स्नेहाः, लवणानि, मूत्रम्, क्षीरम् च।",
ओषधीनमिरूपाभ्यां जानते ह्यजपा वने । अविपाश्चैव गोपाश्च ये चान्ये वनवासिनः ।। १२०।। न नामज्ञानमात्रेण रूपज्ञानेन वा पुनः । ओषधीनां परां प्राप्तिं कश्चिद्वेदितुमर्हति ।। १२१।। योगविन्नामरूपज्ञस्तासां ततत्वविदुच्यते । किं पुनर्यो विजानीयादोषधीः सर्वथा भिषक्‌ ।। १२२।। योगमासां तु यो विद्याहेशकालोपपादितम्‌ । पुरुषं पुरुषं वीक्ष्य स विज्ञेयो भिषक्तमः ।। १२३।।,"Goat-herds shepherds, cowherds and other forest-dwellers know the plants by name and form. Nobody can comprehend fully about the plants only by knowing (their) names or forms. He is the real knower of them who, after knowing the name and form, has got knowledge of their administration., let alone the one who knows plants in all aspects. He is the best physician who knows administration of these (plants) according to place and time and also keeping in view the individual constitution. [120-123]",Who among rural communities are described as knowing medicinal plants by both name and appearance?,Why is merely knowing the name and form of a plant insufficient for full understanding?,What distinguishes a physician who truly masters medicinal plants according to the passage?,What additional knowledge is required beyond name and form to be considered a complete expert on plants?,"Goat-herders, cowherds, and other forest-dwellers.","Because true comprehension requires knowledge of how to administer the plant, not just its identification.","The physician knows how to use the plants appropriately according to place, time, and the individual’s constitution.",Knowledge of the plants’ administration in various contexts and understanding of their effects on different individuals.,कौन‑से ग्रामीण समूह जड़ी‑बूटी को नाम और रूप दोनों से पहचानते हैं?,केवल नाम और रूप जानने से जड़ी‑बूटी का पूर्ण ज्ञान क्यों नहीं मिलता?,एक उत्कृष्ट चिकित्सक को क्या विशेषता है जो उसे औषधियों में पारंगत बनाती है?,नाम और रूप से परे किस प्रकार का ज्ञान होना चाहिए ताकि कोई व्यक्ति पौधों का सम्पूर्ण ज्ञाता माना जाए?,"बकरी‑पालक, गो‑पालक तथा अन्य वनवासी।",क्योंकि वास्तविक समझ में उसका औषधीय प्रयोग और प्रशासन भी शामिल होता है।,"वह स्थान, समय और रोगी की प्रकृति के अनुसार औषधियों का प्रयोग जानता है।",पौधों के विभिन्न परिस्थितियों में उपयोग तथा उनके प्रभावों की समझ आवश्यक है।,कोणाः ग्रामजीविनः औषधिं नामरूपेण ज्ञातवन्ति?,नामरूपेणैव औषधिं ज्ञात्वा किमर्थं सम्पूर्णं बोधं न लभ्यते?,कः चिकित्सकः औषधिनां परं ज्ञानम् अधिगच्छति?,नामरूपेण परेण केन प्रकारेण ज्ञानं आवश्यकं यत् कस्यचित् औषधिनाम् पूर्णज्ञत्वम् ददाति?,"अश्वपालकाः, गोपालकाः च अन्याः वनवासिनः।",कारणं यत् औषधिं प्रयोगस्य विवेचनं विना केवलं नामरूपेण न पूर्णः।,सः यः औषधिं स्थाने समये च व्यक्तेः स्वभावे च अनुकूल्यं ज्ञायते।,औषधिनां विभिन्नपरिस्थितिषु प्रशासनम् च तेषां व्यक्तिपरिचयं च अवगन्तव्यम्।,
"यथा विषं यथा शस्त्रं यथाऽग्निरशनिर्यथा |
तथौषधमविज्ञातं विज्ञातममृतं यथा ||१२४||
औषधं ह्यनभिज्ञातं नामरूपगुणैस्त्रिभिः |
विज्ञातं चापि दुर्युक्तमनर्थायोपपद्यते ||१२५||

","A drug, if unknown, is (fatal) like poison, weapon, fire and thunderbolt while, if known, is (vitaliser) like nectar. A drug unknown by these—name, form and properties (including actions)—and badly administered even if known are responsible for complications. [124-125]",What danger does an unidentified medicinal substance pose to a patient?,How does full knowledge of a drug transform its effect compared to ignorance?,In what way can a correctly identified drug still lead to complications?,Which three pieces of information about a drug are essential to prevent adverse reactions?,"It can be as deadly as poison, a weapon, fire, or a thunderbolt.","When the drug is known, it acts like nectar, providing vitalizing benefits.","If it is administered incorrectly, even a known drug can cause harmful effects.","Its name, its physical form, and its properties (including actions).",अज्ञात औषधि को लेने से रोगी को कौन‑सी गंभीर हानि हो सकती है?,"यदि औषधि के नाम, रूप और गुण सब ज्ञात हों तो उसका प्रभाव कैसे बदल जाता है?",ज्ञात औषधि के गलत प्रयोग से किन समस्याओं का सामना करना पड़ सकता है?,औषधि से जुड़ी कौन‑कौन सी तीन मुख्य जानकारी अनिवार्य हैं ताकि जटिलताएँ न हों?,"वह विष, हथियार, अग्नि या वज्र के समान घातक हो सकती है।",वह अमृत के समान जीवन‑संतोष प्रदान करती है।,अनुचित प्रशासन से वह भी हानिकारक प्रभाव उत्पन्न कर सकती है।,"उसका नाम, उसका रूप और उसके गुण (क्रिया‑प्रभाव) आवश्यक हैं।",नामरूपगुणाः न ज्ञाताः स्युः तु औषधेः किम् परिणामः?,औषधम् ज्ञातं चेत् सः कस्य प्रकारेण अमृतसदृशः भवति?,ज्ञाताम् औषधां अपि यदि चेद् उचितं न प्रयुक्तम् तर्हि किम् स्यात्?,रोगरोगनिवारणे औषधेः कतम् त्रयम् अभिज्ञानानि आवश्यकानि सन्ति?,"सः विषस्य, शस्त्रस्य, अग्निश्च वज्रस्य समानः घातकः भवति।",सः जीवनीकृत्यं अमृतवत् प्रभावं दत्ते।,अनुचितप्रयोगे तत्रापि दुष्प्रभावाः जाताः।,"नाम, रूपं, गुणाः (क्रियाः) इति त्रयम् आवश्यकम्।",
"
योगादपि विषं तीक्ष्णमुत्तमं भेषजं भवेत् |
भेषजं चापि दुर्युक्तं तीक्ष्णं सम्पद्यते विषम् ||१२६||
तस्मान्न भिषजा युक्तं युक्तिबाह्येन भेषजम् |
धीमता किञ्चिदादेयं जीवितारोग्यकाङ्क्षिणा ||१२७||
कुर्यान्निपतितो मूर्ध्नि सशेषं वासवाशनिः |
सशेषमातुरं कुर्यान्नत्वज्ञमतमौषधम् ||१२८||
दुःखिताय शयानाय श्रद्दधानाय रोगिणे |
यो भेषजमविज्ञाय प्राज्ञमानी प्रयच्छति ||१२९||
त्यक्तधर्मस्य पापस्य मृत्युभूतस्य [३०] दुर्मतेः |
नरो नरकपाती स्यात्तस्य सम्भाषणादपि ||१३०||
वरमाशीविषविषं क्वथितं ताम्रमेव वा |
पीतमत्यग्निसन्तप्ता भक्षिता वाऽप्ययोगुडाः ||१३१||
नतु श्रुतवतां वेशं बिभ्रता शरणागतात् |
गृहीतमन्नं पानं वा वित्तं वा रोगपीडितात् ||१३२||
भिषग्बुभूषुर्मतिमानतः स्वगुणसम्पदि |
परं प्रयत्नमातिष्ठेत् प्राणदः स्याद्यथा नृणाम् ||१३३||","A sharp poison also becomes the best drug by proper administration, (on the contrary) even the (best) drug is reduced to sharp poison, if administered badly. Hence, the wise person desiring for (long) life and health should not take any medicine administered by irrational physician (quack). Indra's thunderbolt, even when fallen on head I may let (somebody) survive but the medicine prescribed by ignorant ( physician) can't make a patient survive. Regarding himself as wise who,without knowing, administers medicines to the afflicted, bedridden, faithful patient;man falls into h II even on talking with this (physician) devoid of virtue, sinner, personified death and wicked. The serpent poison is good or the intake of decocted copper or the swallowing of red hot iron balls but (the acceptance of medicine) from one putting on the robe of scholars is not at all ( good). Receiving food, drink or money from the surrendered patient is also not proper. Hence the wise one aspiring to become a physician should make fulI effort for acquiring good qualities so that he may become life-giver to human beings. [126-133]",What transformation occurs when a sharp poison is administered properly?,Why is it advised to avoid medicines prescribed by an irrational or unqualified physician?,How does the effect of an ignorant physician’s medicine compare to Indra’s thunderbolt falling on a head?,What should an aspiring physician focus on to become a benefactor of life?,It becomes the best drug.,"Because even the best drug can turn into a sharp poison if given improperly, endangering health.","Even if Indra’s thunderbolt falls on a head, a person may survive, whereas medicine from an ignorant physician cannot ensure survival.","He must strive to develop good qualities and virtues, making him a life‑giver to humans.",उचित तरीके से तीखा विष देने पर क्या परिवर्तन होता है?,अयोग्य या बेतरतीब चिकित्सक द्वारा दी गई दवा से क्यों बचना चाहिए?,इंद्र की बिजली के सिर पर गिरने की तुलना में अज्ञानी चिकित्सक की दवा का प्रभाव कैसे है?,एक भविष्य के चिकित्सक को जीवनदाता बनने के लिए किस गुण पर मेहनत करनी चाहिए?,वह सबसे उत्तम औषधि बन जाता है।,"क्योंकि सबसे उत्तम औषधि भी गलत उपयोग में तीखा विष बन सकती है, जिससे स्वास्थ्य खतरे में पड़ता है।","इंद्र की बिजली सिर पर गिरने पर भी व्यक्ति जीवित रह सकता है, पर अज्ञानी चिकित्सक की दवा जीवित रख नहीं सकती।","उसे सद्गुण और शुद्ध आचरण का पूर्ण प्रयास करना चाहिए, जिससे वह मनुष्यों का जीवनदाता बन सके।",शार्प विषं यथायोगेन प्रदायित्वा किम् भवति?,अनियुक्तेन चिकित्सकेन दत्तां औषधिं न गृह्णीयुस्तु किं कारणम्?,"इन्द्रस्य वज्रस्य शिरःपातेन जीवितं सम्भाव्यते, किन्तु अज्ञानी चिकित्सकेन दत्तां औषधिं किम् परिणामः?",जीवनदायकः भवितुं इच्छन्ते चिकित्सकस्य कः गुणः अनुष्ठेयः?,स उत्तमम् औषधि भवति।,"यतः उत्तमा औषधि अपि दुष्टविधानं कृत्वा विषम् अभवति, तस्मात् रोगीणां स्वास्थ्यं हान्यते।","इन्द्रवज्रः शिरःपातेनापि जीवितं ददाति, परन्तु अज्ञानी चिकित्सकेन प्रदत्तं औषधि जीवितं न रक्षति।","स गुणेण तथा शुद्धैः आचरणैः पूर्णपरिश्रमं कर्तव्यम्, येन स मानवस्य जीवनदाता भविष्यति।",
तदेव युक्त भैषज्यं यदारोग्याय कल्यते । स चैव भिषजां श्रेष्ठो रोगेभ्यो यः प्रमोचयेत्‌ ।। ९२४।।,That very medicine may be taken as properly administered which is capable to bring about disease-free condition and that very physician as the best one who could relieve (the patient) of the disorders. [134],What characteristic makes a medicine considered properly administered for achieving a disease‑free condition?,How is the best physician defined in terms of their ability to handle disorders?,Why is the capacity to relieve patients of ailments a key measure of a doctor's excellence?,What outcome should a correctly used medicine aim to produce?,A medicine is properly administered when it is capable of bringing about a condition free of disease.,The best physician is one who can effectively relieve patients of their disorders.,"Because relieving ailments demonstrates that the physician can restore health, which is the primary goal of medical practice.",It should aim to eliminate disease and restore health.,कौन सी विशेषता किसी औषधि को उचित रूप से लिया गया मानती है जिससे रोग‑मुक्त अवस्था प्राप्त हो?,रोगियों के विकारों को दूर करने की क्षमता के आधार पर श्रेष्ठ चिकित्सक को कैसे परिभाषित किया जाता है?,रोगी को रोगों से मुक्त करने की क्षमता को चिकित्सक की उत्कृष्टता का मुख्य मानदंड क्यों माना जाता है?,सही रूप से उपयोग की गई औषधि का मुख्य लक्ष्य क्या होना चाहिए?,वह औषधि उचित रूप से ली गई मानी जाती है जो रोग‑मुक्त स्थिति लाने में सक्षम हो।,वह चिकित्सक श्रेष्ठ माना जाता है जो रोगियों के विकारों को प्रभावी रूप से मुक्त कर सके।,"क्योंकि रोगों से मुक्ति स्वास्थ्य की बहाली दर्शाती है, जो चिकित्सा का मुख्य उद्देश्य है।",इसका मुख्य लक्ष्य रोग को समाप्त करके स्वास्थ्य की पुनःस्थापना करना होना चाहिए।,कतम् गुणः औषधिं युक्तिं यथावत् स्वीकृता इति दर्शयति येन रोगरहितः स्थितिः सिध्यति?,रोगिणः विकारान् मोचयितुं सक्षमः कः चिकित्सकः श्रेष्ठतमः इति कथ्यते?,रोगिणः रोगेभ्यो विमोचनम् किमर्थं चिकित्सकस्य उत्तमेयत्वस्य मुख्यं मापकम् अभिवर्तते?,यथायोग्यं औषधिं प्रयोगेण कः परिणामः प्राप्यते इति अपेक्षितम्?,यत्र औषधिः रोगरहितं स्थितिं लभितुं सामर्थ्यम् आवहति तत् औषधिं युक्तिं यथावत् स्वीकृता इति मन्यते।,स चिकित्सकः श्रेष्ठतमः यः रोगिणः विकारान् प्रभावेण मोचयितुं शक्ष्यते।,"कारणम् एतत् यत् रोगेभ्यः विमोचनम् आरोग्यस्य पुनरुद्धारणम् दर्शयति, यत् वैद्यस्य प्रमुखलक्ष्यम्।",अपेक्षितः परिणामः रोगस्य नाशः तथा स्वास्थ्यस्य पुनःस्थापना इव भवति।,
सम्यक्प्रयोगं सर्वेषां सिद्धिराख्याति कर्मणाम्‌ । सिद्धिराख्याति सर्वैश्च गुणैर्युक्तं भिषक्तमम्‌,"Success shows the proper application of all the measures and success, in turn, indicates the physician endowed with all the qualities. [135]",What does achieving success reveal about the way measures are applied?,How can success serve as an indicator of a physician's qualities?,Why is proper application of all methods essential for attaining success?,What relationship exists between success and the completeness of a practitioner's attributes?,It indicates that all measures have been applied correctly and appropriately.,"When a physician attains success, it reflects that they possess all the essential qualities of the profession.",Because only through correct and complete use of measures can desired outcomes be realized.,Success signifies that the practitioner embodies a full set of required attributes.,सफलता प्राप्त करने से कार्य पद्धति के बारे में क्या पता चलता है?,एक चिकित्सक में सफलता किस प्रकार उसकी सम्पूर्ण गुणों की पुष्टि करती है?,सफलता के लिये सभी उपायों का सही प्रयोग क्यों आवश्यक माना जाता है?,क्या सफलता यह संकेत देती है कि व्यक्ति ने सभी आवश्यक गुणों को अपनाया है?,यह दर्शाता है कि सभी उपायों को सही ढंग से लागू किया गया है।,"जब चिकित्सक सफल होता है, तो यह इंगित करता है कि उसके पास सभी आवश्यक गुण विद्यमान हैं।",क्योंकि केवल उचित और सम्पूर्ण उपायों से ही इच्छित परिणाम प्राप्त होते हैं।,"हाँ, सफलता यह संकेत देती है कि व्यक्ति में सभी आवश्यक गुण सम्मिलित हैं।",सिद्धिर्भवति यदा सर्वे उपायाः यथोचिताः कार्ये?,चिकित्सकेन सिद्धिर्लभ्यते तस्य कस्य गुणस्य प्रमाणम्?,किमर्थं सर्वेषां उपायानां सम्यक् प्रयोगः आवश्यकः?,सिद्धिर्निर्दिशति किम् व्यक्तेः सम्पूर्ण गुणसम्पद् अस्तित्वम्?,तदा दर्शयति यत् सर्वे उपायाः सम्यगुपयुजिताः सन्ति।,चिकित्सकेन सिद्धिः तस्य सर्वाणि उत्तमानि गुणानि अस्तित्वस्य प्रमाणम्।,कारणेन यत् केवलं सम्यगुपयोगेनैव इच्छित परिणामः साध्यते।,तत् सिद्धिर्दर्शयति यत् व्यक्तेः सर्वे आवश्यकगुणाः सन्ति।,
"तत्र श्लोकाः-
आयुर्वेदागमो हेतुरागमस्य प्रवर्तनम् |
सूत्रणस्याभ्यनुज्ञानमायुर्वेदस्य निर्णयः ||१३६||
सम्पूर्णं कारणं कार्यमायुर्वेदप्रयोजनम् |
हेतवश्चैव दोषाश्च भेषजं सङ्ग्रहेण च ||१३७||
रसाः सप्रत्ययद्रव्यास्त्रिविधो द्रव्यसङ्ग्रहः |
मूलिन्यश्च फलिन्यश्च स्नेहाश्च लवणानि च ||१३८||
मूत्रं क्षीराणि वृक्षाश्च षड् ये क्षीरत्वगाश्रयाः |
कर्माणि चैषां सर्वेषां योगायोगगुणागुणाः ||१३९||
वैद्यापवादो यत्रस्थाः सर्वे च भिषजां गुणाः |
सर्वमेतत् समाख्यातं पूर्वाध्याये महर्षिणा ||१४०||","Now, the summing up verses— Emergence of Ayurveda, its cause and initiation, approval of the composition, decision of Ayurveda, entire cause, effect, object of Ayurveda, etiological factors, doSU, drugs, in brief, Rasas with their basic and auxiliary materials, three categories of drugs, rooty and fruity drugs, fats, salts, urine, milks, the six trees of which latex and barks are used, their actions, proper administration or otherwise alongwith their merits and demerits, quacks, and qualified physicians in whom all the qualities are found; all this has been described by the great sage in the first chapter. [136-140]",What is identified as the primary cause behind the emergence of Ayurveda?,What are the three main groups of medicinal substances mentioned?,How is a qualified Ayurvedic physician described?,Which natural materials are listed for preparing medicines?,It arises from the complete cause and its effect.,"Root-derived drugs, fruit-derived drugs, and other substances such as fats, salts, urine, milk, and extracts (latex and bark) from six specific trees.",A physician who possesses all the requisite qualities and is distinct from quacks.,"Roots, fruits, fats, salts, urine, milk, and the latex and bark of six particular trees.",आयुर्वेद के उद्भव का मुख्य कारण क्या बताया गया है?,आयुर्वेद में उल्लेखित औषधियों के तीन प्रमुख वर्ग कौन‑से हैं?,योग्य आयुर्वेद चिकित्सक को कैसे परिभाषित किया गया है?,औषधियों के निर्माण में किन प्राकृतिक सामग्रियों का उल्लेख किया गया है?,यह आयुर्वेद के संपूर्ण कारण और उसके प्रभाव से उत्पन्न हुआ है।,"जड़ीय औषधियां, फलिय औषधियां तथा वसा, लवण, मूत्र, दूध तथा छह विशिष्ट वृक्षों के लेटेक्स और छाल से प्राप्त पदार्थ।","वे सभी गुणों से युक्त चिकित्सक हैं, जो कुटिल चिकित्सकों (भिषज) से अलग होते हैं।","मूल, फल, वसा, लवण, मूत्र, दूध तथा छह वृक्षों की छाल और लेटेक्स को शामिल किया गया है।",आयुर्वेदस्य उद्भवस्य कारणं किम्?,आयुर्वेदे औषधीनाम् त्रिवर्गः कः?,योग्यः वैद्यः कः इति कथ्यते?,औषधिप्रयोगे किन्किन्न् पदार्थानां उल्लेखः अस्ति?,संपूर्ण कारणस्य प्रभावात् आयुर्वेदः उद्भवति।,"मूलिन्यः, फलिन्यः, च वस, लवण, मूत्र, दूध इत्यादिनः तथा षड्वृक्षाणाम् लेटेक्स् छालयोः सङ्ग्रहः।","सर्वगुणैः सम्यग् संपन्नः वैद्यः, भिषजां (कुशलाः) च न भवति।","मूलिन्यः, फलिन्यः, वस, लवण, मूत्र, दुग्धम् तथा षड्वृक्षाणाम् लेटेक्स् छालयोः उपयोगः।",
इत्यग्निवेशकृते तन्त्रे चरकप्रतिसंस्कृते श्लोकस्थाने दीर्घञ्जीवितीयो नाम प्रथमोऽध्यायः ।। १।।,Thus ends the first chapter on longevity in Sutrasthana in the treatise composed by Agnivesa and redacted by Caraka. [1],What is the main focus of the first chapter mentioned?,Who is credited with composing the treatise that contains this chapter?,Who performed the redaction of the treatise?,In which section of the treatise does this first chapter appear?,It deals with longevity.,The treatise was composed by Agnivesa.,The redaction was carried out by Caraka.,The chapter is found in the Sutrasthana section.,पहले अध्याय का मुख्य विषय क्या है?,इस ग्रन्थ के लेखक कौन हैं?,इस ग्रन्थ को किसने सम्पादित किया?,यह पहला अध्याय ग्रन्थ के किस भाग में स्थित है?,वह दीर्घायु (लंबी आयु) पर केंद्रित है।,अग्निवेश ने इसे रचा है।,कारक ने इसका संक्षेप किया है।,यह सूत्रस्थान भाग में है।,प्रथम अध्यायस्य मुख्यविषयः कः?,एतस्य ग्रन्थस्य रचनाकारः कः?,ग्रन्थस्य सम्पादकः को?,एषः प्रथम अध्यायः ग्रन्थस्य किन्ने भागे विद्यमानः?,सः दीर्घायुः विषये आच्छादितः।,अग्निवेशः एषं ग्रन्थं लिखितवान्।,कारकः एतस्य संक्षेपणम् अकरोत्।,सः सूत्रस्थानस्य भागे अस्ति।,
